Assay	CATEGORY	TURNAROUND	MINIMUM SAMPLE SIZE	ABOUT THIS TEST	TESTING PROCESS	INTERPRETING RESULTS	ANALYTES	WHAT THIS TEST MEASURES
10-Hydroxy-2-decenoic acid (10-HDA)	Phytochemical, Vitamin, and Actives	7-10 days	5	This assay quantifies 10-Hydroxy-2-decenoic acid (10-HDA), the primary fatty acid unique to royal jelly. Using HPLC, it verifies 10-HDA concentration in raw royal jelly, powders, and finished products to confirm authenticity, potency, and compliance with pharmacopeial quality standards.	Samples are extracted with methanol or other suitable organic solvents and analyzed by HPLC with UV detection (typically at ~215 nm). Quantification is performed using certified 10-HDA standards, with internal standard correction and duplicate injections to ensure accuracy and reproducibility.	Results are reported in mg/g or % w/w of 10-HDA. Values are compared against specification targets (e.g., ≥1.4% 10-HDA in fresh royal jelly) and label claims to confirm product authenticity, detect adulteration, and verify consistency across batches.		
1,3-Butanediol (Butylene Glycol)	Preservatives and Additives	7-10 days	5	This test quantifies 1,3-butanediol (butylene glycol) in supplements, beverages, and raw materials to verify ingredient identity and dosage accuracy. Using Liquid Chromatography coupled with Tandem Mass Spectrometry (LC-MS/MS), the method achieves sensitive detection down to low microgram per milliliter levels, even in complex matrices. Accurate measurement ensures product quality and compliance with formulation specifications.	Samples are diluted with aqueous methanol and filtered prior to analysis. The LC-MS/MS system operates in multiple reaction monitoring (MRM) mode, targeting specific ion transitions characteristic of 1,3-butanediol. Quantification is performed using a calibration curve constructed from certified reference standards over a relevant concentration range. Internal standards are added to correct for matrix effects and instrument variability. Method precision and accuracy are verified through duplicate injections, quality control samples, and spike recovery experiments.	Results are reported in mg/mL (liquids), mg/g (solids), or mg/serving for finished products. Testing verifies label claims, supports formulation development, and ensures batch-to-batch consistency.		
2,4-D (2,4-Dichlorophenoxyacetic Acid)	Contaminants	11-13 days	450	This assay quantifies 2,4-dichlorophenoxyacetic acid (2,4-D), a chlorinated phenoxy herbicide widely used in crop and turf management. Monitoring 2,4-D ensures compliance with EPA, FDA, and international residue limits.	Samples are extracted and analyzed using validated chromatographic and mass spectrometric methods appropriate to the matrix type. Internal standards and calibration curves ensure accurate quantitation and reproducibility.	Results are reported in µg/kg (solids) or µg/L (liquids). Testing verifies regulatory compliance, detects environmental contamination, and ensures safety of consumable products.		
3’,3’-Diindolylmethane (DIM)	Phytochemical, Vitamin, and Actives	7-10 days	5	This test quantifies 3’,3’-Diindolylmethane (DIM), a bioactive compound derived from indole-3-carbinol, important for assessing product potency and quality. The HPLC method accurately measures DIM levels in raw materials, powders, and finished dietary supplements. Results are reported in mg per gram or per serving, with a detection limit suitable for low-level quantification.	Samples are prepared by extracting 0.5 g of material with methanol using sonication for 30 minutes, followed by filtration. The extract is analyzed using High-Performance Liquid Chromatography equipped with a UV detector set at 280 nm. DIM is separated on a C18 reversed-phase column with a gradient mobile phase of water and acetonitrile. Quantification is performed against a certified DIM reference standard using a five-point calibration curve. Method accuracy is verified through duplicate injections, spiked recovery tests, and analysis of quality control samples.	Results are reported in mg/g (raw material) or mg/serving (finished products). Testing verifies standardized potency, supports label claims, and ensures consistency in botanical and nutraceutical formulations.	1	3’,3’-Diindolylmethane (DIM)
5-Hydroxytryptophan (5-HTP)	Phytochemical, Vitamin, and Actives	7-10 days	5	This assay quantifies 5-hydroxytryptophan (5-HTP), a serotonin precursor derived from griffonia seed extract, in dietary supplements. Using HPLC, it verifies the concentration of 5-HTP to confirm label claims and ensure consistent dosing in mood and relaxation products.	Samples are extracted in an acidified aqueous solution, then analyzed by HPLC with UV detection at a compound-specific wavelength. Quantification is performed using certified 5-HTP standards, with internal standard correction and duplicate runs to ensure accuracy.	Results are reported in mg per g or per serving. Values are assessed against formulation targets and label declarations to ensure potency, quality, and stability throughout shelf life.	1	5-Hydroxytryptophan (5-HTP)
7,8-Dihydroxyflavone	Phytochemical, Vitamin, and Actives	7-10 days	5	This assay measures 7,8-dihydroxyflavone, a flavonoid compound, using High-Performance Liquid Chromatography (HPLC). The analysis provides accurate and selective quantification for quality control and standardization.	Samples are extracted and analyzed under validated HPLC chromatographic conditions. 7,8-Dihydroxyflavone is separated from related flavonoids and detected via UV or diode-array detection. Quantitation is performed using certified reference standards with calibration curves and replicate injections ensuring accuracy and reproducibility.	Testing verifies standardized potency, confirms label claims, and ensures batch-to-batch consistency.		
Acetic Acid	Phytochemical, Vitamin, and Actives	7-10 days	5	This assay quantifies acetic acid using High-Performance Liquid Chromatography (HPLC). The method provides accurate, selective determination of volatile organic acids across diverse matrices such as vinegar, kombucha, and fermented products.	Samples are filtered and injected into an HPLC system equipped with an organic acid or reverse-phase column. Acetic acid is separated and detected by UV or refractive index (RI) detection, quantified against certified reference standards. Duplicate runs and calibration curves ensure precision and reproducibility.	Results are reported in mg/mL (liquids) or mg/g (solids). Testing verifies fermentation quality, confirms product specifications, and ensures consistency across production batches.	1	Acetic acid
Acid Value	Stability	3-7 days	25	This test determines the acid value of oils, fats, and fat-containing dietary supplement ingredients using the official AOCS Ca 5a-40 titration method. The acid value is a direct measure of the free fatty acid (FFA) content present in a lipid sample and is a primary indicator of oil quality, freshness, and degree of hydrolytic degradation. Elevated acid values indicate hydrolytic rancidity, improper storage, or poor raw material quality. Results are reported in mg KOH/g of sample and are used for raw material qualification, shelf-life assessment, and compliance with product specifications.	A representative sample of known weight is dissolved in a neutralized ethanol-diethyl ether solvent mixture. The solution is titrated with a standardized potassium hydroxide (KOH) solution in the presence of a phenolphthalein indicator until a persistent pink endpoint is reached. The acid value is calculated from the volume of KOH consumed relative to the sample weight, expressed as mg KOH per gram of sample, per the AOCS Ca 5a-40 official method. Blank titrations are run concurrently to correct for any acidity in the solvent system.	Acid value is one of the most fundamental quality parameters for lipid-based ingredients and is required by most raw material specifications for fish oils, MCT oils, seed oils, and fat-soluble vitamin carriers. An out-of-specification acid value is a reliable early indicator of hydrolytic rancidity and can predict downstream quality issues including off-flavors, reduced potency of co-formulated actives, and consumer safety concerns. AOCS Ca 5a-40 is the globally recognized official method for this determination, ensuring results are comparable across suppliers, labs, and regulatory frameworks.	1	Acid Value
Acrylamide	Contaminants	5-7 days	23	This assay measures acrylamide—a heat-induced contaminant formed when sugars and amino acids react during high-temperature processing such as frying, baking, or roasting. It employs LC‑MS/MS to achieve high sensitivity, enabling detection in the low ppb range. The validated protocol ensures that extraction, cleanup, and detection overcome complex food matrix interferences, helping manufacturers optimize processing conditions to minimize acrylamide formation.	Food samples are homogenized and extracted with a solvent optimized for acrylamide recovery. After cleanup via solid-phase extraction, the extract is analyzed by LC‑MS/MS where liquid chromatography separates acrylamide and tandem mass spectrometry quantifies it using characteristic mass transitions. Calibration with certified standards and internal controls is used to ensure accuracy and reproducibility.	Results are reported as a numerical concentration (ppb or µg/kg). Lower values indicate minimal acrylamide formation, while higher readings signal potential process issues that may require adjustment. The data allow for batch-to-batch comparison and process optimization.	1	Acrylamide
Aflatoxins (B1, B2, G1, G2) + Ochratoxin A	Contaminants	7-10 days	10	This test simultaneously detects and quantifies four aflatoxins (B1, B2, G1, and G2) and ochratoxin A in dietary supplements, botanical raw materials, grains, and food products using Liquid Chromatography with Tandem Mass Spectrometry (LC-MS/MS). Aflatoxins are potent hepatotoxic and carcinogenic mycotoxins produced by Aspergillus species, with aflatoxin B1 classified as a Group 1 human carcinogen by the IARC. Ochratoxin A, produced by Aspergillus and Penicillium species, is a nephrotoxic mycotoxin with probable carcinogenic activity. This combined panel provides comprehensive mycotoxin screening against regulatory limits set by the FDA, EU, and USP <2023>. Results are reported in µg/kg (ppb).	A representative sample is homogenized and extracted using an acetonitrile-water or methanol-water solvent system, followed by a cleanup step using immunoaffinity columns (IAC) or dispersive solid-phase extraction (dSPE) to remove co-extractives and concentrate the mycotoxin fraction. The purified extract is injected onto a reversed-phase C18 HPLC column coupled to a triple quadrupole mass spectrometer operating in positive ionization Multiple Reaction Monitoring (MRM) mode. Specific precursor-to-product ion transitions are monitored for each of the five mycotoxins simultaneously. Quantification is performed against a multi-point calibration curve prepared from certified mycotoxin reference standards, with stable isotope-labeled internal standards used for each analyte to correct for matrix effects and ensure accurate recovery. The method is validated across relevant food and botanical matrices.	Aflatoxins and ochratoxin A are among the most regulated and toxicologically significant mycotoxins in the dietary supplement and food industries, and their simultaneous detection in a single LC-MS/MS run provides both analytical efficiency and comprehensive coverage of the most critical mycotoxin risk profile. LC-MS/MS is the gold standard for mycotoxin analysis, offering the sensitivity to detect analytes at sub-ppb levels and the specificity to confirm identity through dual MRM transitions — meeting the evidentiary requirements of FDA, EU Regulation 1881/2006, and USP <2023> for mycotoxin control in herbal and dietary supplement ingredients.	5	Aflatoxin B1 Aflatoxin B2 Aflatoxin G1 Aflatoxin G2 Ochratoxin A
AFU Enumeration	Phytochemical, Vitamin, and Actives	3 days	5	This assay enumerates Active Fluorescent Units (AFU) using flow cytometry, a rapid alternative to traditional plate counting for assessing probiotic viability. AFU counts reflect the number of metabolically active cells in a sample, providing a modern measure of probiotic potency. Results are reported as AFU/g or AFU per serving.	A representative sample is suspended, stained with a viability-indicating fluorescent dye, and analyzed by flow cytometry to count active cells. Results are calculated against instrument calibration standards, with replicate runs confirming accuracy.	Flow cytometry offers faster, more precise viability counts than traditional plating methods, supporting reliable potency claims for probiotic products.		
Agmatine Sulfate	Phytochemical, Vitamin, and Actives	7-10 days	5	This assay quantifies agmatine sulfate, a metabolite of arginine commonly used in pre-workout and neuro-support supplements. Using LC-MS/MS, it verifies agmatine content to ensure correct dosing, label accuracy, and formulation integrity in sports and cognitive performance products.	Samples are extracted in aqueous or acidified solution and analyzed by LC-MS/MS using compound-specific mass transitions. Quantification is performed with certified agmatine standards, internal standard correction, and duplicate injections to ensure precision.	Results are reported in mg per g or per serving. Values are compared to formulation targets and declared label claims. Testing ensures proper inclusion and helps detect underdosing or degradation during manufacturing or storage.	1	Agmatine Sulfate
AKBA (3-O-Acetyl-11-Keto-B-Boswellic Acid)		5-7 days	5	This assay quantifies 3-O-acetyl-11-keto-β-boswellic acid (AKBA) in Boswellia extract using high-performance liquid chromatography (HPLC). AKBA is a pentacyclic triterpenoid and the principal bioactive marker compound in gum resin from Boswellia serrata, used in joint health and anti-inflammatory supplements for its reported 5-lipoxygenase inhibitory activity, and it typically occurs alongside closely related boswellic acid congeners such as KBA (11-keto-β-boswellic acid) and acetyl-β-boswellic acid. Results are reported as % w/w or mg/g.	A representative sample is weighed and extracted with methanol or acetonitrile under sonication to solubilize the boswellic acid fraction, followed by filtration prior to injection. Separation is performed by reverse-phase HPLC on a C18 column using an acidified acetonitrile/water gradient, with AKBA detected by UV absorbance at approximately 250 nm, the wavelength characteristic of its conjugated keto-enone chromophore. AKBA content is calculated against a calibration curve built from a certified AKBA reference standard, with replicate injections confirming measurement precision			
Alliin	Phytochemical, Vitamin, and Actives	7-10 days	5	This test quantifies alliin (S-allyl-L-cysteine sulfoxide) — the principal sulfur-containing amino acid derivative and primary bioactive precursor compound in garlic (Allium sativum L.) — in raw materials, garlic powders, aged garlic extracts, and dietary supplements using High-Performance Liquid Chromatography (HPLC). Alliin is the stable, odorless precursor to allicin (diallyl thiosulfinate), which is enzymatically generated from alliin by the enzyme alliinase upon cell disruption. Alliin content is the primary standardization marker for garlic powder and extract ingredients, as it directly determines the allicin-generating potential (allicin yield) of the material. Accurate alliin quantification is essential for label claim substantiation, raw material qualification, and for predicting the allicin release capacity of garlic-based products. Results are reported as a percentage or in milligrams per gram or per serving.	A representative sample is accurately weighed and immediately dissolved in an appropriate acidic aqueous solvent (e.g., dilute hydrochloric acid or acidified methanol) to inhibit alliinase enzyme activity and prevent enzymatic conversion of alliin to allicin during sample preparation. The extract is filtered and analyzed by reversed-phase HPLC on a C18 column with UV detection at 210 nm, as alliin lacks a strong chromophore at higher UV wavelengths and is best detected at low UV wavelengths where the sulfoxide functional group and amino acid backbone provide adequate absorbance. Quantification is performed against a multi-point external calibration curve prepared from a certified alliin reference standard. Where applicable, related organosulfur compounds — including S-allylcysteine (SAC), S-methylcysteine sulfoxide, and γ-glutamyl-S-allylcysteine — may be monitored simultaneously to provide a broader organosulfur profile. Quality control samples are run concurrently to confirm method accuracy, precision, and linearity throughout the analytical run.	Accurate alliin quantification requires careful control of sample preparation conditions to prevent enzymatic conversion of alliin to allicin by endogenous alliinase, which is rapidly activated upon cell disruption and aqueous contact. Acidification of the extraction solvent effectively inhibits alliinase activity, ensuring that alliin is measured in its intact precursor form. HPLC with UV detection at 210 nm provides the sensitivity required for alliin quantification in the absence of a strong chromophore, with chromatographic separation resolving alliin from co-occurring organosulfur amino acids and matrix components. Alliin content is the internationally recognized potency specification for garlic powder and extract ingredients, referenced in the European Pharmacopoeia (Ph. Eur.) monograph for garlic powder, and supports label claim substantiation and cGMP compliance under 21 CFR 111.		
Allulose (D-Psicose)	Phytochemical, Vitamin, and Actives	7-10 days	5	This assay measures allulose (D-psicose), a rare monosaccharide used as a low-calorie sweetener, using Liquid Chromatography–Tandem Mass Spectrometry (LC-MS/MS). The method provides high specificity and sensitivity for accurate quantification in complex food and supplement matrices.	This assay measures allulose (D-psicose), a rare monosaccharide used as a low-calorie sweetener, using Liquid Chromatography–Tandem Mass Spectrometry (LC-MS/MS). The method provides high specificity and sensitivity for accurate quantification in complex food and supplement matrices.	Samples are extracted and analyzed under validated LC-MS/MS chromatographic conditions. Allulose is detected using multiple reaction monitoring (MRM) and quantified against certified reference standards. Internal calibration and quality control checks ensure precision and reproducibility.	1	Allulose (D-Psicose)
Almond Allergen	Allergen	2 days	5	This assay detects and quantifies almond protein using a highly specific ELISA (Enzyme-Linked Immunosorbent Assay). It confirms the presence or absence of almond contamination in raw materials, finished products, and manufacturing environments—critical for validating allergen-free claims and complying with FDA labeling regulations.	Samples are extracted and tested using a sandwich ELISA kit validated for almond protein. The assay uses antibody-antigen binding with colorimetric detection, and results are compared to a calibrated standard curve. Duplicate wells and positive/negative controls ensure result accuracy and reproducibility.	Results are reported in ppm (mg/kg) of almond protein. The test detects trace levels of contamination, typically as low as 2–5 ppm depending on the matrix, helping manufacturers avoid undeclared allergens and protect consumers with nut allergies.	1	Almond Allergen
Aloin	Phytochemical, Vitamin, and Actives	9-11 days	5	This assay quantifies aloin, a naturally occurring anthraquinone glycoside found in Aloe vera latex. Aloin levels are regulated due to its laxative properties and potential safety concerns at high concentrations.	Samples are extracted and analyzed by High-Performance Liquid Chromatography (HPLC) with UV detection. Aloin A and B are separated, detected, and quantified against certified standards. Method validation includes calibration curves and quality control checks.	Results are reported in ppm (mg/kg) for raw materials or mg/serving for finished products. Monitoring aloin ensures compliance with safety guidelines (e.g., USP/EFSA limits), verifies raw material purity, and supports accurate labeling.	1	Aloin
Alpha-GPC (Alpha-Glycerylphosphorylcholine)	Phytochemical, Vitamin, and Actives	7-10 days	5	This assay quantifies Alpha-GPC (Alpha-Glycerylphosphorylcholine), a highly bioavailable choline donor used in nootropic and cognitive health supplements. Using LC-MS/MS, it verifies Alpha-GPC content in capsules, powders, and functional blends to confirm potency and ensure label compliance.	Samples are extracted using aqueous or methanolic solvents and analyzed by LC-MS/MS using compound-specific mass transitions. Quantification is performed using certified Alpha-GPC standards, with internal standard correction and duplicate injections to ensure precision and reproducibility.	Results are reported in mg per g or per serving. Values are compared to formulation targets and label claims to confirm dosing accuracy and detect degradation or adulteration.	1	Alpha-Glyceryl Phosphoryl Choline
Aluminum	Elemental	5-7 days	10	This assay quantifies aluminum, a common environmental and manufacturing contaminant, in food, supplements, and cosmetic products. Using ICP-MS, it provides highly sensitive detection of aluminum to support regulatory compliance, raw material quality control, and consumer safety.	Samples are digested using acid-based microwave or wet digestion protocols, then analyzed by Inductively Coupled Plasma Mass Spectrometry (ICP-MS). Quantification is performed using certified aluminum standards with internal standard correction and quality control spikes to ensure precision and accuracy.	Results are reported in ppm (mg/kg) or ppb depending on matrix and application. Values are assessed against regulatory thresholds (e.g., FDA, EU, Prop 65) to detect contamination and ensure product safety.	1	Aluminum
Amazon Sexual Enhancement Panel	Contaminants	7-10 days	10	This LC-MS/MS panel detects prescription erectile dysfunction drugs and their analogs that are frequently found in adulterated male enhancement products. These compounds pose serious health risks and are strictly prohibited in dietary supplements sold on Amazon or in the U.S. market.	Samples are extracted in organic solvent and analyzed by LC-MS/MS using compound-specific mass transitions. Quantification is performed using certified pharmaceutical standards, with internal standard correction and duplicate injections to ensure accurate, trace-level detection.	Results are reported as detected/not detected, with optional quantification in ng/g or ppm. This panel protects consumers and ensures products comply with Amazon and FDA regulations by identifying illegal PDE5 inhibitors or unapproved analogs.		
Amazon Sports Supplement Panel	Preservatives and Additives	7-10 days	5	This targeted panel detects the presence of undeclared or prohibited substances often found in adulterated sports supplements. Using LC-MS/MS, it screens for anabolic agents, stimulants, and weight-loss drugs at trace levels to ensure compliance with Amazon’s dietary supplement requirements and FDA safety standards.	Samples are extracted and analyzed using high-resolution LC-MS/MS with compound-specific mass transitions and retention times. Quantification and detection are validated using certified reference materials and internal standards. The method is sensitive to low parts-per-billion (ppb) levels and is run with duplicate injections and quality controls to ensure defensibility.	Results are reported as detected/not detected, with optional quantification in ng/g or ppb. The panel confirms the absence of illegal or undeclared compounds that could result in product delisting or regulatory action. Ideal for pre-market screening, ongoing batch verification, or audit prep for Amazon listing compliance.	7	4-DHEA (4-androstene-3α/β-ol-17-one) Desmethyl Sibutramine Didesmethyl Sibutramine DMAA (1,3-dimethylamylamine) Ligandrol (LGD-4033) Ostarine (Enobosarm) Sibutramine
Amazon Weight Loss Panel	Contaminants	7-10 days	10	This LC-MS/MS panel detects undeclared and prohibited pharmaceutical compounds commonly found in adulterated weight loss products. It targets banned substances that have been flagged by the FDA and Amazon due to serious health risks, including sibutramine and its metabolites, stimulant adulterants, and prescription drugs misused in slimming formulations.	Samples are extracted in methanol or aqueous solvents and analyzed by LC-MS/MS using compound-specific mass transitions. Quantification is performed using certified reference standards for each compound, with internal standard correction and duplicate injections to ensure sensitivity and accuracy at trace levels.	Results are reported in ng/g or detected/not detected format. The panel ensures compliance with Amazon’s dietary supplement listing policies and FDA safety guidelines, helping brands avoid product delisting, consumer harm, or regulatory action.	4	Desmethyl Sibutramine Fluoxetine Phenolphthalein Sibutramine
Amino Acid Profile	Phytochemical, Vitamin, and Actives	5-7 days	50	This assay determines the complete profile of individual amino acids present in a food sample following protein hydrolysis. The process breaks down proteins into their constituent amino acids, which are then separated and quantified. This profile is essential for evaluating nutritional quality and verifying that the amino acid composition meets product specifications.	The sample is hydrolyzed using acid (and optionally enzymatic pre-treatment) to release amino acids. After derivatization to enhance detection, the amino acids are separated by HPLC or ion-exchange chromatography and quantified against known standards. Internal standards and duplicate runs provide correction for recovery and ensure method precision.	Results are reported as mg per 100 g or as a percentage of total protein. Each amino acid’s value is compared against nutritional requirements or target formulation standards. Deviations (e.g., low lysine) may indicate processing losses or protein damage and prompt further investigation.	20	Alanine Arginine Aspartic Acid Cystine Glutamic Acid Glycine Histidine Hydroxyproline Isoleucine Leucine Lysine Methionine Phenylalanine Proline Serine Taurine Threonine Tryptophan Tyrosine Valine
Anaerobic Viable Count	Microbial	4 days	25	This test quantifies the total viable anaerobic microbial population in dietary supplements, botanical raw materials, and food ingredients using the culture-based enumeration methods described in USP <2021> (Microbial Enumeration Tests). Anaerobic organisms, including spore-forming bacteria such as Clostridium species, are not detected by standard aerobic plate count (TPC) methods and require dedicated anaerobic incubation conditions to enumerate. This test provides a quantitative count of viable anaerobic bacteria, reported as colony-forming units per gram (CFU/g), and is used for raw material qualification, finished product release testing, and compliance with microbial limits specifications.	A representative sample is prepared by homogenization in a buffered diluent and serially diluted under conditions that minimize oxygen exposure. Dilutions are plated onto non-selective nutrient agar using pour plate or spread plate technique and incubated under strict anaerobic conditions — using an anaerobic chamber or gas-generating anaerobic jars — at 30–35°C for a minimum of 48–72 hours, per USP <2021> specifications. Following incubation, colonies are counted and the anaerobic viable count is calculated and expressed as CFU/g. Results are evaluated against the applicable microbial limits for the product category per USP <2021> or the customer's specification.	Standard aerobic total plate count methods will not detect obligate anaerobic organisms, which can include pathogenic spore-forming bacteria such as Clostridium perfringens and Clostridium botulinum. These organisms are a known risk in soil-associated botanical ingredients, animal-derived proteins, and fermentation-derived raw materials. A dedicated anaerobic viable count per USP <2021> provides the additional layer of microbial safety assurance required for high-risk matrices and for brands seeking comprehensive microbial characterization beyond standard aerobic testing panels.	1	Anaerobic Viable Count
Anthocyanidins (Blueberry Extract)	Phytochemical, Vitamin, and Actives	11-13 days	9	This test quantifies total anthocyanidins — the aglycone forms of anthocyanins responsible for the characteristic deep blue-purple pigmentation and antioxidant activity of blueberry (Vaccinium corymbosum and related species) — in blueberry extracts, raw materials, and dietary supplements using UV-Visible (UV-Vis) Spectrophotometry. Anthocyanidins are widely recognized for their antioxidant, anti-inflammatory, and neuroprotective properties, and total anthocyanidin content is a key potency marker used to standardize blueberry extracts. UV-Vis provides a rapid, cost-effective method for total anthocyanidin quantification appropriate for raw material screening and quality control. Results are reported as a percentage or in milligrams per gram, typically expressed as cyanidin-3-glucoside equivalents.	A representative sample is accurately weighed and extracted using acidified aqueous methanol or ethanol (e.g., 1% HCl in methanol) to ensure complete extraction and stabilization of the pH-sensitive anthocyanidin pigments. The extract is filtered and its absorbance is measured spectrophotometrically at the characteristic anthocyanidin absorption maximum of approximately 520–535 nm against a solvent blank. Total anthocyanidin concentration is calculated using the Beer-Lambert law with the molar extinction coefficient of the reference anthocyanidin (typically cyanidin-3-glucoside), or by comparison to a multi-point calibration curve prepared from a certified reference standard. All measurements are performed in triplicate and averaged for final quantification.	Total anthocyanidin content by UV-Vis is the standard quality control method for blueberry and berry-derived extracts, providing a rapid and accessible measure of pigment potency that is well correlated with antioxidant activity. While UV-Vis does not resolve individual anthocyanidin species, it is appropriate for standardized blueberry extracts where the anthocyanin profile is well characterized and total pigment content is the primary specification parameter. This method supports efficient raw material screening and supplier qualification, with HPLC available as a complementary method when individual anthocyanidin profiling is required.	1	Anthocyanidins
Antimony	Elemental	7-10 days	5	This assay quantifies antimony (Sb) using Inductively Coupled Plasma Mass Spectrometry (ICP-MS). ICP-MS provides highly sensitive, multi-element analysis, allowing accurate detection of antimony at trace levels.	Samples are digested and introduced into an ICP-MS instrument, where antimony atoms are ionized in plasma and detected by mass spectrometry. Calibration with certified reference standards and quality control samples ensures precision and reproducibility.	Results are reported in parts per million (ppm) or parts per billion (ppb), and may be converted to µg/serving for finished products. Testing verifies compliance with safety regulations, identifies potential contamination, and ensures accurate labeling.	1	Antimony
Apigenin	Phytochemical, Vitamin, and Actives	7-10 days	5	This assay quantifies apigenin, a naturally occurring flavonoid found in chamomile, parsley, and citrus plants. Using LC-MS/MS, it verifies apigenin content in supplements, teas, and botanical blends to confirm label claims and ensure consistent dosing in formulations targeting mood, inflammation, and longevity.	Samples are extracted using alcohol or aqueous solvents depending on the matrix, then analyzed by LC-MS/MS using compound-specific mass transitions. Quantification is performed using certified apigenin standards with internal standard correction and duplicate injections for precision.	Results are reported in mg per g or per serving. Values are compared to formulation targets and declared label claims to confirm active compound presence and detect variability across batches.	1	Apigenin
Appearance	Stability	3 days					4	Appearance Color Color Finish and Opacity Size and Shape
Artificial sweeteners (standard panel)	Preservatives and Additives	7-10 days	5	This panel quantifies common artificial sweeteners—including aspartame, acesulfame potassium (acesulfame K), saccharin, and sucralose—in food, beverage, and supplement samples. Using HPLC, it verifies sweetener levels for regulatory compliance, formulation accuracy, or “artificial sweetener-free” claims.	Samples are extracted in water or suitable solvents and filtered for analysis. The extract is analyzed by HPLC with UV detection at compound-specific wavelengths. Calibration with certified standards for each sweetener, along with internal standard correction and duplicate runs, ensures reliable quantification.	Results are reported in ppm (mg/kg or mg/L). The values are compared against label claims, regulatory thresholds (e.g., FDA, EU), or clean-label standards. This panel supports accurate product labeling, detects undeclared sweeteners, and ensures formulation compliance in diet and sugar-free products.	4	Acesulfame K Aspartame Saccharin Sucralose
Ash	Elemental	3 days	10	This assay determines total ash content by measuring the inorganic residue remaining after complete combustion of a sample. Ash represents the total mineral content and non-volatile inorganic material present.	Samples are weighed and heated in a controlled high-temperature furnace until all organic matter is fully combusted. The remaining residue is cooled and weighed to calculate ash content based on loss on ignition. Quality controls and replicate analyses ensure accuracy and reproducibility.	Testing is commonly used to assess raw material purity, detect adulteration, verify processing quality, and support specification compliance.	1	Ash
Ashwagandha Total Withanolides (Quantitative)	Phytochemical, Vitamin, and Actives	7-9 days	10	Confirms the total withanolide potency of your ashwagandha ingredient or extract, delivering a precise quantification of the bioactive steroidal lactones responsible for ashwagandha's adaptogenic, stress-relieving, and performance-enhancing properties.	A representative sample is accurately weighed and extracted using an appropriate organic solvent system to ensure complete extraction of the withanolide fraction. Quantification is performed against a multi-point external calibration curve prepared from certified withanolide reference standards	The combination of both techniques supports comprehensive potency characterization, label claim substantiation, raw material qualification, and cGMP compliance under 21 CFR 111.	1	Ashwagandha Total Withanolides (Quantitative)
Ashwagandha (Withania somnifera) Qualitative - absence/presence	Phytochemical, Vitamin, and Actives	11-13 days	5	This assay qualitatively evaluates samples for the presence of Withania somnifera using High-Performance Thin-Layer Chromatography (HPTLC). The test compares characteristic chromatographic fingerprints to authenticated reference material to confirm botanical presence.	Samples are extracted and applied to an HPTLC plate alongside reference standards. After chromatographic development and visualization under appropriate conditions, the resulting banding pattern is evaluated for correspondence with the reference profile to determine presence or absence.	Testing supports ingredient verification, supplier qualification, and quality control for botanical materials without making potency claims.	1	Ashwagandha (Withania somnifera)
Astaxanthin (Free and Esters)	Phytochemical, Vitamin, and Actives	12-16 days	20	This assay quantifies both free and esterified forms of astaxanthin, a powerful antioxidant carotenoid found naturally in algae and marine sources. Testing ensures standardized potency and verifies the presence of bioactive carotenoid compounds.	Samples are extracted and analyzed under validated chromatographic conditions to distinguish and quantify free astaxanthin and its mono- and di-ester derivatives. Certified reference standards and quality controls ensure accurate and reproducible results.	Testing confirms ingredient standardization, verifies label claims, and supports product consistency across batches.	1	Astaxanthin
Average piece per container	Stability	3 days					1	Average piece per container
Average Piece Weight	Stability	3 days					1	Average Piece Weight
Bacillus Cereus	Microbial	4 days	10	This assay detects and quantifies Bacillus cereus, a spore-forming bacterium that can cause foodborne illness or spoilage. Common in plant-based ingredients, protein powders, and shelf-stable formulations, B. cereus testing ensures microbial safety in raw materials and finished products.	Samples are homogenized and cultured on selective agar media specific for B. cereus, followed by incubation and colony enumeration. Confirmation may include biochemical tests or PCR. The method follows AOAC or FDA BAM (Bacteriological Analytical Manual) protocols.	Results are reported in CFU/g. Values are compared to industry standards and microbial limits based on product type (e.g., <100 CFU/g for powders or functional foods). This assay helps prevent safety risks and spoilage issues during storage and distribution.	1	Bacillus cereus
Bacillus Coagulans	Microbial	4 days	20				1	Bacillus Coagulans
Bacillus subtilis Spore Count — DE111 (DE111 Enumeration, 3.80.308)	Phytochemical, Vitamin, and Actives	5-7 days	25	This assay enumerates viable spores of Bacillus subtilis DE111 using DE111 Enumeration (3.80.308), a method specific to this probiotic strain. Results are reported as CFU/g or CFU per serving, confirming potency against label claims.	A representative sample undergoes a heat-shock step to select for viable spores, then is plated per the DE111 Enumeration protocol and incubated under conditions suited to Bacillus subtilis growth. Colonies are counted and expressed as CFU/g.	DE111 Enumeration (3.80.308) provides a strain-specific, validated method for confirming DE111 potency in finished probiotic products.		
Bacillus subtilis Spore Count — HU58 (EN15784:2009)	Phytochemical, Vitamin, and Actives	5-7 days	25	This assay enumerates viable spores of Bacillus subtilis HU58 using EN15784:2009, a recognized method for probiotic spore-forming bacteria. Results are reported as CFU/g or CFU per serving, confirming potency against label claims.	A representative sample undergoes a heat-shock step to select for viable spores, then is plated per EN15784:2009 and incubated under conditions suited to Bacillus subtilis growth. Colonies are counted and expressed as CFU/g.	EN15784:2009 provides a standardized, spore-selective enumeration method appropriate for confirming HU58 potency in finished probiotic products.		
Bacopa monnieri ID	Phytochemical, Vitamin, and Actives	11-13 days	10	This test confirms the botanical identity of Bacopa monnieri in raw materials and finished products using High-Performance Thin-Layer Chromatography (HPTLC). The characteristic bacosides A and B fingerprint of the sample is compared against a certified Bacopa monnieri reference standard to confirm species authenticity and detect substitution with other Bacopa species or unrelated botanical materials. Results are reported as confirmed identity or non-conforming.	A representative sample is extracted using methanol or ethanol-water and applied alongside a certified Bacopa monnieri reference standard onto an HPTLC silica gel plate. The plate is developed in a validated solvent system, derivatized with anisaldehyde-sulfuric acid or natural products reagent, and the fingerprint is compared visually and by densitometric scanning to the reference standard in terms of Rf values, band positions, and color profile.	Bacopa monnieri is a high-value nootropic botanical where accurate species identification is essential for confirming the presence of the characteristic bacoside compounds responsible for its cognitive benefits. HPTLC identity testing provides a rapid and defensible species confirmation, supporting supplier qualification and cGMP compliance under 21 CFR 111.	1	Bacopa monnieri ID
Bacosides (HPLC)	Phytochemical, Vitamin, and Actives	11-13 business days	10	This test quantifies bacosides — the primary bioactive triterpenoid saponin glycosides found in Bacopa monnieri (Brahmi), including bacoside A and bacoside B and their component glycosides — in botanical extracts, raw materials, and dietary supplements using High-Performance Liquid Chromatography (HPLC). Bacosides are the principal marker compounds used to standardize Bacopa extracts and are directly linked to the herb's documented effects on memory consolidation, cognitive performance, and neuroprotection. HPLC provides greater specificity than UV-Vis colorimetric methods by resolving individual bacoside components, offering a more detailed and accurate measure of extract potency. Results are reported as a percentage or in milligrams per gram or per serving.	A representative sample is accurately weighed and extracted using aqueous methanol or ethanol, with sonication to ensure complete dissolution of the saponin glycosides. The extract is filtered through a 0.2 µm membrane and analyzed by reversed-phase HPLC on a C18 column, with UV or Photodiode Array (PDA) detection at approximately 205–210 nm. Individual bacoside peaks are resolved chromatographically and quantified against a multi-point external calibration curve prepared from certified bacoside A or total bacoside reference standards. System suitability and quality control standards are run concurrently to confirm method accuracy and precision throughout the analytical run.	Bacopa monnieri extracts are commercially standardized to a declared bacoside content, and HPLC quantification provides a more specific and reproducible measure of individual bacoside components than colorimetric UV-Vis methods, which measure total saponin content without distinguishing between individual glycosides. This level of specificity is important for premium extract qualification, where the relative composition of individual bacosides may influence biological activity. HPLC potency testing supports label claim accuracy, supplier qualification, and cGMP compliance under 21 CFR 111.	1	Bacosides
Bacteria Identification	Microbial	8-10 days	50				1	Bacterial Identification
Barium	Elemental	7-10 days	5	This assay quantifies barium (Ba) content using Inductively Coupled Plasma Mass Spectrometry (ICP-MS). The method provides highly sensitive and accurate detection of trace metals across diverse matrices.	Samples are digested and analyzed by ICP-MS, where barium atoms are ionized in plasma and measured by mass spectrometry. Calibration with certified standards and use of internal controls ensure accuracy and reproducibility.	Results are reported in parts per million (ppm) or parts per billion (ppb), with the option to convert to µg/serving for finished products. Monitoring barium helps verify compliance with safety limits, confirm raw material quality, and prevent contamination issues.	1	Barium
BCAA Profile (Leucine, Isoleucine, Valine)	Phytochemical, Vitamin, and Actives	7-10 days	5	This assay quantifies the three key branched-chain amino acids (BCAAs)—leucine, isoleucine, and valine—using LC-MS/MS. Commonly found in protein powders, amino blends, and pre-workouts, this test verifies BCAA content and ratios to ensure compliance with label claims and prevent misformulation or ingredient dilution.	Samples are hydrolyzed or extracted depending on the matrix, then filtered and analyzed by LC-MS/MS. Detection is based on compound-specific mass transitions. Quantification is performed using high-purity amino acid standards, with internal standard correction and duplicate runs to ensure accuracy and reproducibility.	Results are reported in mg/g or mg per serving. Values are compared to declared label claims and standard 2:1:1 or other specified ratios. Testing confirms proper dosing and supports claims related to muscle recovery, endurance, and anabolic performance in sports nutrition products.	3	L-Isoleucine L-Leucine L-Valine
Berberine	Phytochemical, Vitamin, and Actives	7-10 days	5	This assay quantifies berberine, an isoquinoline alkaloid commonly sourced from plants like Berberis and used in supplements for metabolic and cardiovascular support. Using HPLC, it measures berberine content in capsules, tablets, and botanical extracts to verify potency and ensure formulation accuracy.	Samples are extracted using alcohol- or acidified aqueous solvents and analyzed by HPLC with UV detection at a compound-specific wavelength. Quantification is performed using certified berberine standards, with internal standard correction and duplicate runs to ensure precision.	Results are reported in mg per g or per serving. Values are compared to formulation targets and label claims to confirm consistent dosing and detect degradation or ingredient substitution.	1	Berberine
Berberine HCl	Phytochemical, Vitamin, and Actives	7-10 days	5	This test quantifies berberine hydrochloride — an isoquinoline alkaloid and the primary bioactive constituent of botanical sources such as barberry (Berberis vulgaris), goldenseal (Hydrastis canadensis), and Oregon grape (Mahonia aquifolium) — in raw materials, extracts, and dietary supplements using High-Performance Liquid Chromatography (HPLC). Berberine HCl is one of the most widely studied botanical actives, with a substantial body of clinical evidence supporting its role in glycemic control, lipid metabolism, and cardiovascular health. Accurate potency verification is essential for label claim substantiation and for confirming that the declared amount of this high-value alkaloid is present, particularly given the prevalence of adulteration and potency variability in berberine-containing raw materials. Results are reported as a percentage or in milligrams per gram or per serving.	A representative sample is accurately weighed and dissolved in an appropriate solvent, typically dilute hydrochloric acid in methanol or aqueous methanol, to ensure complete extraction of berberine and its salt form. The extract is filtered and analyzed by reversed-phase HPLC on a C18 column with UV detection at 345 nm, the characteristic absorption maximum of berberine's quaternary ammonium chromophore. Quantification is performed against a multi-point external calibration curve prepared from a certified berberine hydrochloride reference standard. Where applicable, related alkaloids such as palmatine, coptisine, and jatrorrhizine may be monitored simultaneously to provide a more complete alkaloid profile. Quality control samples are run concurrently to confirm method accuracy, precision, and linearity throughout the analytical run.	Berberine's strong UV absorption at 345 nm makes HPLC with UV detection a highly sensitive and specific method for its quantification without the need for derivatization. The chromatographic separation resolves berberine from structurally related isoquinoline alkaloids that co-occur in berberine-containing botanicals, ensuring that potency results reflect the berberine HCl content specifically rather than total alkaloid content. This level of specificity is important for label claim accuracy and for detecting adulteration or dilution with lower-cost alkaloid-containing materials. The method supports raw material qualification, finished product release testing, and cGMP compliance under 21 CFR 111.	1	Berberine HCl
Beryllium	Elemental	7-10 days	5	This assay quantifies beryllium (Be) content using Inductively Coupled Plasma Mass Spectrometry (ICP-MS). The method allows for highly sensitive detection of trace elements across a wide range of product types.	Samples are digested and introduced into the ICP-MS, where beryllium atoms are ionized in plasma and measured by mass spectrometry. Internal standards, calibration curves, and quality controls are used to ensure accuracy and precision.	Results are reported in parts per million (ppm) or parts per billion (ppb), with the option to convert to µg/serving for finished products. Testing confirms compliance with safety thresholds, ensures raw material quality, and helps detect contamination risks.	1	Beryllium
Beta-Alanine	Phytochemical, Vitamin, and Actives	7-10 days	5	This assay quantifies beta-alanine, a non-essential amino acid widely used in sports supplements to buffer lactic acid and delay fatigue. Using LC-MS/MS, it confirms the presence and potency of beta-alanine in pre-workouts, amino blends, and performance formulas to support label accuracy and product efficacy.	Samples are extracted in aqueous solution, filtered, and analyzed by LC-MS/MS using compound-specific mass transitions. Quantification is performed using certified beta-alanine standards with internal standard correction and duplicate injections to ensure precision.	Results are reported in mg per g or per serving. Values are compared with formulation targets and declared label claims. Testing ensures that efficacious doses are delivered consistently across batches and helps guard against under-dosing or mislabeling.	1	Beta-Alanine
Beta Glucan by the MOA (HPLC)	Phytochemical, Vitamin, and Actives	11-13 days	10	This test quantifies beta-glucan — a soluble polysaccharide found in oats, barley, and fungal sources such as yeast and medicinal mushrooms — in raw materials, extracts, and dietary supplements using High-Performance Liquid Chromatography (HPLC). Beta-glucan is one of the most extensively studied functional ingredients, with FDA-authorized health claims for oat and barley beta-glucan's role in reducing the risk of heart disease. Accurate potency verification is essential for substantiating label claims, confirming the source-appropriate beta-glucan structure (cereal vs. fungal), and ensuring that the declared amount of this functional fiber is present in the finished product. Results are reported as a percentage or in milligrams per gram or per serving.	A representative sample is accurately weighed and subjected to a controlled enzymatic hydrolysis protocol to selectively degrade beta-glucan into its constituent glucose units while minimizing interference from starch and other polysaccharides. Starch is first removed by treatment with amyloglucosidase and invertase, followed by specific hydrolysis of the beta-glucan fraction using lichenase (endo-1,3:1,4-β-glucanase). The resulting oligosaccharide hydrolysate — primarily tri- and tetrasaccharides characteristic of (1→3),(1→4)-β-D-glucan — is analyzed by HPLC on a suitable carbohydrate column with refractive index (RI) or evaporative light scattering detection (ELSD). Quantification is performed against a multi-point external calibration curve prepared from a certified beta-glucan reference standard. Quality control samples are run concurrently to confirm method accuracy and precision.	Beta-glucan is a structurally complex polysaccharide whose potency cannot be accurately measured by simple gravimetric or total fiber methods, which do not distinguish between beta-glucan and other dietary fiber components. HPLC following selective enzymatic hydrolysis provides a specific and reproducible measure of true beta-glucan content, distinguishing it from starch, cellulose, and other polysaccharides in complex cereal and fungal matrices. This method is aligned with AOAC-validated approaches for beta-glucan quantification and supports FDA health claim compliance, label claim substantiation, and raw material qualification under 21 CFR 111.	1	Beta Glucan by the MOA (HPLC)
Beta Glucan (HPLC)	Phytochemical, Vitamin, and Actives	8-10 days	10	This test quantifies beta-glucan — a soluble polysaccharide found in oats, barley, and fungal sources such as yeast and medicinal mushrooms — in raw materials, extracts, and dietary supplements using High-Performance Liquid Chromatography (HPLC). Beta-glucan is one of the most extensively studied functional ingredients, with FDA-authorized health claims for oat and barley beta-glucan's role in reducing the risk of heart disease. Accurate potency verification is essential for substantiating label claims, confirming the source-appropriate beta-glucan structure (cereal vs. fungal), and ensuring that the declared amount of this functional fiber is present in the finished product. Results are reported as a percentage or in milligrams per gram or per serving.	A representative sample is accurately weighed and subjected to a controlled enzymatic hydrolysis protocol to selectively degrade beta-glucan into its constituent glucose units while minimizing interference from starch and other polysaccharides. Starch is first removed by treatment with amyloglucosidase and invertase, followed by specific hydrolysis of the beta-glucan fraction using lichenase (endo-1,3:1,4-β-glucanase). The resulting oligosaccharide hydrolysate — primarily tri- and tetrasaccharides characteristic of (1→3),(1→4)-β-D-glucan — is analyzed by HPLC on a suitable carbohydrate column with refractive index (RI) or evaporative light scattering detection (ELSD). Quantification is performed against a multi-point external calibration curve prepared from a certified beta-glucan reference standard. Quality control samples are run concurrently to confirm method accuracy and precision.	Beta-glucan is a structurally complex polysaccharide whose potency cannot be accurately measured by simple gravimetric or total fiber methods, which do not distinguish between beta-glucan and other dietary fiber components. HPLC following selective enzymatic hydrolysis provides a specific and reproducible measure of true beta-glucan content, distinguishing it from starch, cellulose, and other polysaccharides in complex cereal and fungal matrices. This method is aligned with AOAC-validated approaches for beta-glucan quantification and supports FDA health claim compliance, label claim substantiation, and raw material qualification under 21 CFR 111.		
Beta Glucan (Megazyme)	Phytochemical, Vitamin, and Actives	7-10 days	25	This assay quantifies beta-glucan content using the enzymatic Megazyme method, which is AOAC- and AACC-approved for measuring beta-glucans in cereal grains, mushrooms, and dietary supplements. It is commonly used for standardizing oat and barley extracts as well as immune-support formulations.	Samples are enzymatically digested using lichenase and β-glucosidase to release glucose from beta-glucan polymers. The liberated glucose is then measured spectrophotometrically using glucose oxidase/peroxidase reagents.	Results are reported in % w/w or mg/g of beta-glucan. Values are compared to standardization targets and label claims to ensure active fiber content and formulation consistency.	3	Alpha Glucans Beta Glucan Total Glucans
Betaine	Phytochemical, Vitamin, and Actives	7-10 days	5	This test quantifies betaine (trimethylglycine, TMG) — a naturally occurring trimethyl derivative of the amino acid glycine found in foods such as beets (Beta vulgaris), wheat germ, and spinach — in raw materials and dietary supplements using Liquid Chromatography coupled with Tandem Mass Spectrometry (LC-MS/MS). Betaine functions as an osmolyte and methyl donor in one-carbon metabolism, supporting homocysteine remethylation, liver fat metabolism, and cellular hydration. It is widely used in dietary supplements for cardiovascular health, liver support, and sports performance applications. Accurate potency verification by LC-MS/MS is essential for specifically quantifying betaine and distinguishing it from structurally related compounds — including betaine aldehyde, choline, and carnitine — that may co-occur in complex botanical and food-derived matrices. Results are reported as a percentage or in milligrams per gram or per serving.	A representative sample is accurately weighed and dissolved in an appropriate aqueous diluent. An isotopically labeled internal standard (e.g., betaine-d9 or ¹³C-labeled betaine) is added prior to sample preparation to correct for matrix effects and recovery variability. The extract is filtered and analyzed by reversed-phase or HILIC LC-MS/MS using electrospray ionization (ESI) in positive ion mode, with multiple reaction monitoring (MRM) transitions selected for the characteristic precursor and product ions of betaine (m/z 118 → 58 and 118 → 59 are commonly used transitions). Quantification is performed against a multi-point external calibration curve prepared from a certified betaine reference standard. Quality control samples are run concurrently to confirm method accuracy, precision, and linearity throughout the analytical run.	Betaine is a small, highly polar, permanently charged quaternary ammonium compound with no significant UV chromophore, making it poorly suited to standard reversed-phase HPLC with UV detection. LC-MS/MS with MRM detection provides the compound-specific selectivity and sensitivity required to accurately quantify betaine in complex food and supplement matrices, distinguishing it from isobaric and structurally related compounds such as choline, carnitine, and proline betaine that may co-occur and interfere with less specific analytical methods. The use of an isotopically labeled internal standard further ensures accurate quantification by correcting for matrix-dependent ionization effects. This method supports label claim substantiation, raw material qualification, and cGMP compliance under 21 CFR 111.	1	Betaine
Betaine Nitrate (by Titration)	Phytochemical, Vitamin, and Actives	11-13 days	10	This test quantifies betaine nitrate — a salt combining trimethylglycine (betaine) and nitrate, used in sports nutrition formulations for its combined vasodilatory and performance-enhancing properties — in raw materials and dietary supplements using titration. Accurate quantification of betaine nitrate is essential for label claim verification and for confirming that the declared dose of this dual-function ingredient is present in the finished product. Titration provides a reliable, direct measure of the betaine nitrate content in high-purity raw material testing. Results are reported as a percentage purity or in milligrams per gram or per serving.	A representative sample is accurately weighed and dissolved in a suitable solvent. Depending on the validated protocol, either the nitrate component or the betaine component is targeted for titration. For nitrate quantification, a potentiometric or argentometric titration approach may be applied. For betaine quantification, a non-aqueous perchloric acid titration in glacial acetic acid may be used, exploiting the basic character of the trimethylglycine moiety. The endpoint is determined potentiometrically or by indicator color change, and the betaine nitrate content is calculated from the volume and molarity of titrant consumed relative to the sample weight. Reference standard checks and blank titrations are performed concurrently to confirm method accuracy.	Betaine nitrate is a relatively novel, premium sports nutrition ingredient where both the betaine and nitrate components contribute to its performance benefits, making accurate potency verification important for both label claim compliance and product efficacy. Titration provides a straightforward and cost-effective method for confirming the purity of betaine nitrate raw materials prior to use in formulation, supporting incoming material qualification and cGMP compliance under 21 CFR 111. For finished product testing in complex multi-ingredient matrices, complementary methods such as HPLC or IC may be required to provide adequate specificity.	1	Betaine Nitrate (by Titration)
Bile-Tolerant Gram-Negative Bacteria (BTGN)	Microbial	4 days	10	This assay detects and quantifies bile-tolerant gram-negative bacteria (BTGN) in raw materials and finished dietary supplements using the method described in USP <2021>. BTGN testing helps ensure the absence of objectionable organisms and supports compliance with microbial limits in dietary products.	Samples are diluted and plated on MacConkey agar or another selective medium as specified by USP <2021>. Plates are incubated under aerobic conditions, and characteristic colonies of gram-negative, bile-tolerant bacteria are enumerated. Confirmatory testing may be performed as needed.	Results are reported in CFU/g. Values are compared to USP <2021> acceptance criteria, which typically require BTGN to be absent or ≤10³ CFU/g depending on the product category.	1	Bile-Tolerant Gram-Negative Bacteria (BTGN)
Black Pepper	Phytochemical, Vitamin, and Actives	11-13 days	9	This test confirms the identity of black pepper (Piper nigrum L.) in raw materials, extracts, and dietary supplements using High-Performance Thin-Layer Chromatography (HPTLC). Piper nigrum is one of the most extensively used spices and botanical ingredients globally, and its primary bioactive alkaloid, piperine, is widely incorporated into dietary supplement formulations as a bioavailability enhancer (commonly marketed under proprietary names such as BioPerine®). HPTLC identity testing generates a characteristic chromatographic fingerprint — anchored by the prominent piperine band alongside other characteristic alkaloids and amides — that is compared against an authenticated P. nigrum reference standard to confirm species identity and detect potential adulteration, substitution with other Piper species (e.g., P. longum, P. retrofractum), or blending with inferior materials.	A representative sample is accurately weighed and extracted using an appropriate solvent system (e.g., methanol or dichloromethane) to capture the characteristic alkaloid and amide profile of P. nigrum, including piperine and related piperamides. The extract is applied alongside a certified black pepper reference standard and, where applicable, potential adulterant or related Piper species extracts, onto an HPTLC silica gel plate using an automated sample applicator. The plate is developed in a validated solvent system optimized to resolve piperine and the characteristic secondary metabolites of P. nigrum. After development, the plate is evaluated under UV light at 254 nm and 366 nm, and may be further derivatized with an appropriate reagent (e.g., anisaldehyde-sulfuric acid) for visualization under white light. The resulting fingerprint pattern is compared visually and, where applicable, by densitometric analysis to the authenticated reference standard in accordance with established HPTLC identity testing guidelines.	Black pepper and closely related Piper species share similar morphological characteristics, making botanical identity confirmation by HPTLC fingerprinting essential for distinguishing authentic P. nigrum from potential adulterants or substitutes. HPTLC provides a holistic, multi-compound chromatographic identity confirmation that is more discriminating than single-marker piperine assays alone, enabling detection of species substitution or adulteration that would not be apparent from potency testing. This method aligns with USP botanical identity testing guidelines and supports cGMP compliance under 21 CFR 111, ensuring that only correctly identified raw materials are used in finished products.		
Boron	Phytochemical, Vitamin, and Actives	7-10 days	5	This assay quantifies elemental boron in supplements, raw materials, or functional foods using Inductively Coupled Plasma Mass Spectrometry (ICP-MS). It is commonly used to verify boron content in bone health and trace mineral formulations or ensure compliance with formulation specifications.	Samples are digested using acid-based microwave or wet digestion protocols and analyzed by ICP-MS. Quantification is performed using certified boron standards with internal standard correction and quality control samples to ensure accurate and reproducible results.	Results are reported in mg per g or per serving. Values are compared to formulation targets and label claims to confirm mineral content, detect overages, and ensure dosing consistency.	1	Boron
Boswellia	Phytochemical, Vitamin, and Actives	7-10 days	5	This test identifies and quantifies boswellic acids, the active compounds in Boswellia extracts, which are important for product efficacy and quality control. The method uses liquid chromatography-tandem mass spectrometry (LC-MS/MS) to provide sensitive and specific detection in raw materials, powders, and finished products. Results are reported in mg/g with detection limits suitable for trace-level analysis.	Samples are prepared by extracting with methanol under controlled temperature and agitation to ensure efficient recovery of boswellic acids. The extracts are analyzed using LC-MS/MS in multiple reaction monitoring (MRM) mode, targeting specific mass transitions for each boswellic acid. Quantification is achieved through calibration curves constructed with certified boswellic acid reference standards and corrected using an internal standard. Method accuracy and precision are verified by duplicate injections and spike recovery tests.	Results are reported via Present or Not Present. Values are compared to standardization targets and label claims to verify active content and detect underformulation or degradation.	1	Boswellia
Bovine IGF-1	Phytochemical, Vitamin, and Actives	11-13 days	10	This assay measures bovine insulin-like growth factor-1 (IGF-1), a peptide growth factor present in bovine colostrum and dairy-derived ingredients. Analysis may be performed using ELISA for targeted immunoquantification or LC-MS/MS for confirmatory peptide-level measurement.	Samples are prepared and analyzed using validated ELISA and/or LC-MS/MS workflows. ELISA uses bovine-specific antibodies to quantify IGF-1 against calibrated standards. LC-MS/MS provides orthogonal confirmation by detecting IGF-1–specific peptide fragments following protein digestion. Quality controls and reference materials ensure accuracy and reproducibility.	Testing verifies bovine IGF-1 content, supports label claims, and ensures batch-to-batch consistency.	1	Bovine IGF-1
Bovine IGF-2	Phytochemical, Vitamin, and Actives	11-13 days	10	This assay measures bovine insulin-like growth factor-2 (IGF-2), a peptide growth factor present in bovine colostrum and dairy-derived ingredients. LC-MS/MS provides highly specific and sensitive quantification through peptide-level detection.	Samples are prepared and analyzed under validated LC-MS/MS chromatographic conditions. Following protein digestion, IGF-2–specific peptide fragments are detected using multiple reaction monitoring (MRM) and quantified against certified reference standards. Internal calibration and quality controls ensure accuracy and reproducibility.	Testing verifies bovine IGF-2 content, supports label claims, and ensures batch-to-batch consistency in colostrum and bioactive protein products.	1	Bovine IGF-2
Bovine Serum Albumin (BSA)	Allergen	8-10 days	10	This assay quantifies bovine serum albumin (BSA), a major whey protein found in bovine-derived ingredients such as colostrum, serum, and dairy protein concentrates. BSA is commonly measured to assess protein quality, processing impact, or validate functional labeling.	Samples are extracted in aqueous buffer and analyzed using either: – Colorimetric protein assays (e.g., Bradford or BCA) with BSA-specific standards, or – BSA-specific ELISA, using monoclonal antibodies to detect and quantify BSA against a certified standard curve. Duplicate runs and quality controls ensure accurate quantification.	Results are reported in mg/g or % w/w of BSA. Values are assessed against specification targets for ingredient consistency, batch-to-batch variation, or formulation transparency.	1	Bovine Serum Albumin (BSA)
BPA / BPS / BPF	Contaminants	5-7 days	20	This assay screens for Bisphenol A and Bisphenol S—chemicals used in plastic production that may leach into food products. The method extracts these compounds from complex matrices and quantifies them using LC‑MS/MS. It is critical for monitoring potential endocrine disruptors from packaging materials.	Samples are extracted using an optimized solvent system and cleaned up (often via solid-phase extraction) to reduce matrix interference. The cleaned extract is analyzed by LC‑MS/MS, where separation and detection occur via specific mass transitions. Calibration with certified standards and internal controls ensures reliable quantification.	Results are expressed in µg/kg. Non-detectable or very low levels indicate minimal chemical migration, whereas any measurable amount is significant due to the low safety thresholds. The data enable manufacturers to evaluate packaging materials and process controls.	3	Bisphenol A Bisphenol F Bisphenol S
BPC 157, Peptide	Phytochemical, Vitamin, and Actives	7-10 days	5	This test identifies and quantifies BPC-157 (Body Protection Compound-157), a synthetic pentadecapeptide composed of 15 amino acids, in research formulations and raw materials using Liquid Chromatography with Tandem Mass Spectrometry (LC-MS/MS). BPC-157 is used in research contexts for its studied effects on musculoskeletal repair, gut health, and angiogenesis. LC-MS/MS provides the molecular specificity required to confirm peptide identity and accurately measure concentration, distinguishing BPC-157 from degradation products, related peptide impurities, and other co-formulated compounds. Results are reported in mg per vial, mg per mL, or mg per gram as applicable.	A representative sample is dissolved or diluted in an aqueous solvent system (typically 0.1% formic acid in water/acetonitrile) and filtered prior to injection. The solution is injected onto a reversed-phase C18 HPLC column coupled to a triple quadrupole mass spectrometer operating in positive ionization Multiple Reaction Monitoring (MRM) mode. Precursor-to-product ion transitions specific to BPC-157 are monitored for both quantification and identity confirmation. Quantification is performed against a multi-point calibration curve prepared from a certified BPC-157 reference standard, with a stable isotope-labeled or structurally analogous internal standard used to correct for matrix effects and recovery variability.	BPC-157 is a synthetic peptide that requires a highly specific analytical method to confirm both identity and potency, as its molecular structure cannot be distinguished from impurities or degradation products by UV-based methods alone. LC-MS/MS provides the mass accuracy and selectivity needed to unambiguously confirm the peptide sequence and quantify it at the concentration levels relevant to research formulations, supporting product integrity and accurate labeling.	1	BPC 157, Peptide
Brazil Nut Allergen	Allergen	2 days	5	This assay detects and quantifies Brazil nut protein using a sensitive ELISA (Enzyme-Linked Immunosorbent Assay). It confirms the presence or absence of Brazil nut contamination in raw ingredients, finished products, and production environments—essential for validating nut-free claims and meeting FDA allergen labeling requirements.	Samples are extracted and analyzed using a sandwich ELISA designed specifically for Brazil nut protein. The method uses antibody-based detection with colorimetric readout, and results are calculated against a certified standard curve. Duplicate testing and internal controls are used to ensure precision.	Results are reported in ppm (mg/kg) of Brazil nut protein. The assay is capable of detecting trace contamination at low ppm levels, providing critical assurance for allergen-sensitive consumers and label compliance.	1	Brazil Nut Allergen
Brix	Stability	5 days					1	Brix
Bromelain Activity	Phytochemical, Vitamin, and Actives	8-10 days	30	This test measures the proteolytic (protein-digesting) activity of bromelain — a mixture of cysteine proteases derived from the stem and fruit of pineapple (Ananas comosus (L.) Merr.) — in raw materials and dietary supplements using the Food Chemicals Codex (FCC) standardized activity assay. Bromelain is widely used in dietary supplements for its digestive enzyme activity, anti-inflammatory properties, and support for muscle recovery and joint health. Enzyme activity is expressed in Bromelain Casein Units (BCU) or Gelatin Digesting Units (GDU), where one GDU is defined as the amount of enzyme that digests a defined quantity of gelatin substrate per unit time under specified assay conditions. Accurate activity verification is essential for confirming that bromelain ingredient potency meets label claim specifications and for ensuring consistent functional performance across batches. Results are reported in BCU or GDU per gram or per serving.	A representative sample is accurately weighed and dissolved in an appropriate cold buffer to prepare a working enzyme solution. The bromelain activity assay is performed according to the FCC monograph procedure using a casein or gelatin substrate: a defined volume of the enzyme solution is incubated with the substrate at a controlled pH (typically pH 6.0–7.0) and temperature (37°C) for a precisely timed reaction period. For the BCU assay, the reaction is terminated by addition of trichloroacetic acid (TCA) to precipitate undigested protein, and the absorbance of the TCA-soluble hydrolysate — reflecting the concentration of liberated tyrosine and tyrosine-equivalent peptides — is measured spectrophotometrically at 275 nm. Enzyme activity is calculated from the absorbance reading using the FCC-defined unit calculation, referenced against a tyrosine standard curve. Reagent blanks and substrate controls are run concurrently to correct for non-enzymatic hydrolysis and background absorbance.	The FCC bromelain activity assay is the standardized, industry-recognized method for bromelain potency measurement, providing a reproducible and internationally accepted unit of enzyme activity (BCU or GDU) that enables direct comparison of potency across different bromelain sources, suppliers, and batches. FCC-defined activity units are the standard for enzyme ingredient labeling and quality specifications in the dietary supplement industry, ensuring that label claims accurately reflect functional enzymatic potency rather than total protein mass. This approach is more meaningful for quality control of enzyme ingredients than protein content assays alone, as enzyme activity can be significantly affected by processing conditions, storage, and formulation. The method supports label claim substantiation and cGMP compliance under 21 CFR 111.	1	Bromelain (GDU)
Bromelain (GDU) (USP)	Phytochemical, Vitamin, and Actives	8-10 days	10	This assay quantifies bromelain activity using the USP titration method, reported in Gelatin Digesting Units (GDU). The test measures the proteolytic activity of bromelain based on its ability to hydrolyze protein substrates under standardized conditions.	Samples are incubated with a gelatin or protein substrate under controlled pH and temperature per USP requirements. The extent of protein digestion is determined by titration of released amino groups. Enzyme activity is calculated according to the USP definition of one GDU. Calibration standards and duplicate analyses ensure accuracy and reproducibility.	Testing verifies enzyme potency, supports label claims, and ensures batch-to-batch consistency in bromelain-containing formulations.		
Butylated Hydroxytoluene (BHT)	Preservatives and Additives	7-10 days	5	This assay quantifies butylated hydroxytoluene (BHT), a synthetic antioxidant used to prevent oxidation in oils, snacks, and supplements. Using LC-MS/MS, it detects trace levels of BHT to verify formulation accuracy, meet regulatory standards, or support “BHT-free” label claims.	Samples are extracted with organic solvents under light- and oxygen-protected conditions. The extract is analyzed by LC-MS/MS with detection based on compound-specific mass transitions. Quantification is performed using high-purity BHT standards, with internal standard correction and duplicate injections to ensure reliable results.	Results are reported in ppm (mg/kg or mg/L). The values are assessed against legal limits (e.g., FDA, EU) and declared label specifications. Testing helps verify antioxidant dosing in processed foods and detect undeclared use in clean-label or natural product lines.	1	Butylated Hydroxytoluene (BHT)
Butyric Acid (Butyrate Acid)	Phytochemical, Vitamin, and Actives	7-10 days	5	This assay quantifies butyric acid (butyrate), a short-chain fatty acid commonly used in gut health and digestive support supplements. Using HPLC, it measures butyrate content in capsules, powders, or coated formulations to verify label claims and support functional product development.	Samples are extracted in aqueous or acidified solvent and analyzed by HPLC with UV or refractive index detection, depending on the matrix. Quantification is performed using certified butyric acid standards, with internal standard correction and duplicate injections to ensure precision.	Results are reported in mg per g or per serving. Values are compared to label claims and formulation targets to confirm proper dosing and detect potential degradation or substitution.	1	Butyric Acid (Butyrate Acid)
Caffeine	Phytochemical, Vitamin, and Actives	7-10 days	5	This assay quantifies caffeine, a widely used stimulant found in energy drinks, pre-workouts, nootropics, and fat burners. Using HPLC, it verifies caffeine content to ensure label accuracy and prevent over- or under-dosing in finished products.	Samples are extracted in aqueous or methanol solution and analyzed by HPLC with UV detection at a caffeine-specific wavelength. Quantification is performed using certified caffeine standards, with internal standard correction and duplicate injections to ensure accuracy and reproducibility.	Results are reported in mg per g or per serving. Values are compared with declared label claims and formulation targets to confirm proper dosing and detect any misformulation.	1	Caffeine
Calcium	Elemental	5-7 days	10	This assay measures calcium (Ca) using Inductively Coupled Plasma Mass Spectrometry (ICP-MS). The method provides accurate elemental quantification across diverse matrices and supports both nutritional labeling and quality control.	Samples are digested and analyzed by ICP-MS under validated conditions. Calcium is ionized in the plasma and detected by mass spectrometry. Calibration with certified reference standards and internal controls ensures accuracy and reproducibility.	Testing verifies label claims, confirms elemental purity, and supports consistent formulation and regulatory compliance.	1	Calcium
Calcium HMB (CaHMB)	Phytochemical, Vitamin, and Actives	7-10 days	5	This test measures the concentration of Calcium HMB, the calcium salt of β-hydroxy-β-methylbutyrate, to verify the potency and quality of raw materials and finished products such as powders and capsules. The assay uses High-Performance Liquid Chromatography (HPLC) with UV detection to specifically quantify Calcium HMB. Results are reported in mg per gram or per serving to ensure accurate dosage compliance.	Samples are prepared by dissolving a weighed portion in an aqueous solvent, followed by filtration to remove particulates. The solution is injected into an HPLC system equipped with a reversed-phase column and UV detection set at 210 nm, optimal for HMB absorption. Quantification is achieved using a calibration curve generated from certified Calcium HMB reference standards across a defined concentration range. Method accuracy and precision are confirmed through duplicate injections, inclusion of quality control samples, and spike recovery experiments to validate extraction efficiency.	Testing verifies label claims, ensures product consistency, and confirms the standardized potency expected in CaHMB-containing formulations.	1	Calcium HMB (CaHMB)
Candida	Microbial	6 days	10	This assay detects the presence of Candida species (typically Candida albicans) in dietary supplements, food products, and raw materials, following USP <2021>/<2022> Microbial Limits Tests. It ensures products are free of objectionable yeasts that may pose health or quality risks.	Samples are prepared and enriched in growth media, then plated on selective agar designed for yeast and mold. Colonies with morphology consistent with Candida are evaluated and confirmed using biochemical or molecular identification methods per USP protocols.	Results are reported as Absent/Present per g (or per mL). USP specifications generally require the absence of Candida in specified sample sizes for dietary supplements and raw materials. This testing verifies compliance with pharmacopeial standards and ensures consumer safety.	1	Candida albicans
Caprylic Acid	Phytochemical, Vitamin, and Actives	7-10 days	5	This test quantifies caprylic acid (C8:0), a medium-chain saturated fatty acid, in dietary supplements, MCT oil products, and raw materials using High-Performance Liquid Chromatography (HPLC). Caprylic acid is valued for its rapid absorption and conversion to ketones, making it a key active ingredient in MCT-based and ketogenic formulations. Accurate quantification ensures the declared concentration of caprylic acid is present and that the fatty acid profile meets product specifications. Results are reported in mg per serving or as a percentage of total fat content, as applicable.	A representative sample is weighed and subjected to fatty acid extraction using an organic solvent system, followed by derivatization — typically as fatty acid methyl esters (FAMEs) or phenacyl esters — to improve chromatographic retention and UV detectability. The derivatized extract is injected onto a reversed-phase C18 HPLC column, and detection is performed by UV at approximately 210–254 nm depending on the derivatization approach used. Quantification is performed against a multi-point external calibration curve prepared from a certified caprylic acid reference standard, with system suitability and QC samples run concurrently to confirm method performance.	Caprylic acid is a primary label-claimed ingredient in MCT oil and ketogenic supplement products, and accurate potency measurement is essential for label claim substantiation and cGMP compliance. HPLC with derivatization provides the retention and UV sensitivity needed to quantify caprylic acid specifically within a broader fatty acid profile, distinguishing it from capric acid (C10:0) and other co-present medium- and long-chain fatty acids in complex lipid matrices.		
Carnitine (L-Carnitine)	Phytochemical, Vitamin, and Actives	7-10 days	5	This assay quantifies L-carnitine, a conditionally essential nutrient involved in mitochondrial energy transfer and fat metabolism. Using LC-MS/MS, it verifies L-carnitine content in supplements, beverages, and performance products to ensure proper dosing and label accuracy.	Samples are extracted in acidified aqueous solution and analyzed by LC-MS/MS using compound-specific mass transitions. Quantification is performed using high-purity L-carnitine standards with internal standard correction and duplicate injections to ensure precision and reproducibility.	Results are reported in mg per g or per serving. Values are compared to declared label claims and formulation targets. This assay helps confirm ingredient integrity and supports functional claims in metabolic health and sports nutrition products.	1	Carnitine (L-Carnitine)
Carvacrol	Phytochemical, Vitamin, and Actives	7-10 days	5	This test quantifies carvacrol — the primary phenolic monoterpenoid found in oregano (Origanum vulgare) essential oil and a key bioactive compound in thyme and other aromatic herbs — in botanical extracts, essential oils, raw materials, and dietary supplements using High-Performance Liquid Chromatography (HPLC). Carvacrol is the principal marker compound used to standardize oregano oil extracts and is responsible for the ingredient's well-documented antimicrobial, antifungal, and antioxidant activity. Accurate quantification confirms that the extract meets its declared potency and that the correct botanical material is present. Results are reported as a percentage or in milligrams per gram or per serving.	A representative sample is accurately weighed and dissolved or diluted in an appropriate organic solvent such as methanol or ethanol. The solution is filtered through a 0.2 µm membrane and analyzed by reversed-phase HPLC on a C18 column, with UV detection at approximately 270–280 nm. Quantification is performed against a multi-point external calibration curve prepared from a certified carvacrol reference standard. Peak identity is confirmed by retention time and UV spectral comparison to the reference standard, and the method resolves carvacrol from its structural isomer thymol, which may co-occur in oregano and thyme-derived materials. System suitability and quality control standards are run concurrently to confirm method accuracy and precision.	Oregano oil extracts are commercially standardized on the basis of carvacrol content, typically to 60–80% or higher, making accurate HPLC quantification essential for verifying that a given extract meets its standardization claim. Carvacrol and thymol are structural isomers with similar UV absorbance profiles, and HPLC provides the chromatographic resolution needed to quantify each compound independently — an important distinction as their relative proportions vary between botanical species and can affect both the biological activity and the authenticity of the extract. This test supports raw material qualification and label claim compliance under 21 CFR 111.	1	Carvacrol
Casein	Allergen	11-13 days	10	This assay measures casein, the primary protein fraction in milk, to support nutritional labeling and quality control. Casein testing is important for confirming formulation accuracy, detecting adulteration, and ensuring consistent product composition.	Samples are analyzed using validated protein quantification techniques appropriate for dairy matrices. Results represent the concentration of total casein relative to other milk proteins. Quality controls and reference standards are used to ensure accuracy.	Testing verifies protein standardization, supports regulatory compliance, and confirms authenticity of dairy ingredients.	1	Casein
Cashew Allergen	Allergen	2 days	5	This assay detects and quantifies cashew protein using a highly sensitive ELISA (Enzyme-Linked Immunosorbent Assay). It is used to verify the absence or presence of cashew contamination in raw ingredients, finished products, and facility surfaces—critical for compliance with FDA labeling laws and allergen-control programs.	Samples are extracted and tested using a sandwich ELISA specific to cashew proteins. The method involves antibody-antigen binding with colorimetric detection, and results are measured against a validated standard curve. Duplicate wells and appropriate controls are included to ensure accurate quantification.	Results are reported in ppm (mg/kg) of cashew protein. The test can detect trace levels, typically down to 1–5 ppm depending on the matrix, allowing manufacturers to verify nut-free status and protect allergic individuals.	1	Cashew Allergen
Catechin Panel (EGCG)	Phytochemical, Vitamin, and Actives	7-10 days	10	This panel quantifies key catechins commonly found in green tea and botanical extracts: epicatechin, epigallocatechin (EGC), epicatechin gallate (ECG), and epigallocatechin gallate (EGCG). Using HPLC, it verifies the concentration of each catechin to ensure consistency in antioxidant and metabolic health formulations.	Samples are extracted using methanol or aqueous solvents under light-protected conditions. The extract is analyzed by HPLC with UV detection at catechin-specific wavelengths. Quantification is performed using certified standards for each compound, with internal standard correction and duplicate runs to ensure accuracy.	Results are reported in mg per g or per serving for each catechin. Values are compared to formulation targets and label claims to confirm active content and support claims related to antioxidant, cardiovascular, or metabolic benefits.	6	Catechin Catechin Panel (EGCG) Epicatechin Epicatechin Gallate Epigallocatechin Total Catechins
Celery Allergen	Allergen	2 days	100	This assay detects celery DNA using PCR (Polymerase Chain Reaction), a highly specific method used to identify trace levels of celery contamination in food products, supplements, or ingredient supply chains—especially in regions where celery is a regulated allergen (e.g., EU).	DNA is extracted from the sample and amplified using celery-specific primers. The presence of celery is confirmed through real-time or endpoint PCR analysis, with duplicate reactions and appropriate positive and negative controls to ensure result validity.	Results are reported as Detected / Not Detected. The assay typically detects celery down to 10 ppm or lower, depending on the matrix and processing conditions.	1	Celery Allergen
Chestnut Allergen	Allergen	2 days	100	This assay detects chestnut DNA using PCR (Polymerase Chain Reaction), a highly specific method for identifying trace amounts of tree nut material. PCR allergen testing is ideal for verifying raw material integrity, cross-contact control, and compliance with allergen labeling standards in processed foods and supplements.	DNA is extracted from the sample and amplified using chestnut-specific primers. The presence of chestnut DNA is confirmed through real-time or endpoint PCR analysis. Duplicate reactions and positive/negative controls are included to validate results and prevent false positives or negatives.	Results are reported as Detected / Not Detected, with sensitivity typically at or below 10 ppm depending on the product matrix. This method is especially useful when protein-based assays (ELISA) are not viable due to extreme processing or hydrolysis.	1	Chestnut Allergen
Chlorella ID by HPTLC	Phytochemical, Vitamin, and Actives	11-13 days	10	This test confirms the identity of chlorella — primarily Chlorella vulgaris Beyerinck and Chlorella pyrenoidosa H.Chick, unicellular green microalgae (Chlorophyta) widely used in dietary supplements — in raw materials, dried powders, and dietary supplements using High-Performance Thin-Layer Chromatography (HPTLC). Chlorella is one of the most commercially significant microalgae-based dietary supplements globally, valued for its high chlorophyll content, complete protein profile, and Chlorella Growth Factor (CGF). Its characteristic phytochemical profile includes chlorophylls a and b, carotenoids (lutein, β-carotene, zeaxanthin), and tocopherols. HPTLC identity testing generates a characteristic pigment-based chromatographic fingerprint that is compared against an authenticated chlorella reference standard to confirm species identity and detect potential adulteration, substitution with other microalgae (e.g., spirulina/Arthrospira spp.), or blending with non-algal plant materials.	A representative sample is accurately weighed and extracted using an appropriate solvent system (e.g., acetone or methanol) to capture the characteristic pigment profile of chlorella, including chlorophylls a and b and carotenoids. The extract is applied alongside a certified chlorella reference standard and, where applicable, potential adulterant extracts (e.g., spirulina powder, other green microalgae), onto an HPTLC silica gel plate using an automated sample applicator. The plate is developed in a validated non-polar solvent system optimized to resolve the characteristic pigment bands of chlorella, including chlorophyll a, chlorophyll b, lutein, and β-carotene. After development, the plate is evaluated under white light and UV light at 254 nm and 366 nm, where the characteristic green and yellow-orange pigment bands of chlorella are visualized without derivatization. The resulting fingerprint pattern — notably the presence of both chlorophyll a and chlorophyll b, and the characteristic carotenoid profile including lutein — is compared visually and, where applicable, by densitometric analysis to the authenticated reference standard in accordance with established HPTLC identity testing guidelines.	Chlorella is subject to adulteration and species substitution, including blending with spirulina, other microalgae, or non-algal plant powders. A key distinguishing feature of chlorella relative to spirulina is the presence of both chlorophyll a and chlorophyll b (spirulina contains chlorophyll a but not chlorophyll b) and a distinct carotenoid profile enriched in lutein rather than zeaxanthin. HPTLC pigment fingerprinting exploits these characteristic compositional differences to provide a discriminating identity confirmation that distinguishes authentic chlorella from spirulina and other potential substitutes. This method aligns with USP botanical identity testing guidelines and supports cGMP compliance under 21 CFR 111, ensuring that only correctly identified raw materials are used in finished products.		
Chloride	Elemental	7-10 days	5	This assay quantifies chloride content in food products using a titration method, supporting nutritional labeling and compliance with sodium/chloride-related formulation claims. Often used alongside sodium testing to complete electrolyte profiling.	Samples are prepared in solution and titrated using silver nitrate, which reacts specifically with chloride ions. The endpoint is measured via potentiometric or indicator-based detection, ensuring precise quantification.	Results are provided in mg/kg or ppm of chloride, allowing manufacturers to verify label claims and ensure batch-to-batch consistency. High or unexpected chloride values may indicate formulation errors or mislabeling.	1	Chloride
Chlorogenic acids, Total Chlorogenic Acids (Total Caffeoylquinic acids)	Phytochemical, Vitamin, and Actives	7-10 days	5	This test measures the total chlorogenic acids, including key caffeoylquinic acid isomers (3-CQA, 4-CQA, and 5-CQA), which are important antioxidants in plant-based raw materials and finished products. Using High-Performance Liquid Chromatography (HPLC) with UV detection, the assay quantifies these compounds to ensure ingredient potency and consistency. Results are reported in milligrams per gram (mg/g) or as a percentage of the sample weight, supporting quality control and standardization efforts.	Samples are prepared by extracting 0.5 grams of powdered material with 10 mL of 70% methanol using sonication for 30 minutes, followed by filtration. The extract is injected into an HPLC system equipped with a C18 reversed-phase column and UV detection at 325 nm. Separation of 3-CQA, 4-CQA, and 5-CQA is achieved using a gradient elution of water and acetonitrile with 0.1% formic acid over 30 minutes. Quantification is performed by comparing peak areas to a calibration curve constructed from certified chlorogenic acid standards. Method accuracy is verified through duplicate injections, spiked recovery tests, and analysis of quality control samples.	Results are reported in mg/g (raw materials) or mg/serving (finished products). Testing verifies standardized potency, ensures product consistency, and supports antioxidant and functional food claims.	1	Caffeoylquinic Acids (Chlorogenic Acids)
Chlorophyll	Phytochemical, Vitamin, and Actives	11-13 business days	10	This assay measures chlorophyll and related chlorophyll derivatives using High-Performance Liquid Chromatography (HPLC). The method provides accurate quantification of chlorophyll pigments, supporting quality control for plant-based and antioxidant formulations.	Samples are extracted under light-protected conditions and analyzed using validated HPLC chromatographic methods. Chlorophyll a, chlorophyll b, and potential derivatives (e.g., pheophytins) are separated and detected by UV or diode-array detection. Quantitation is performed using certified reference standards with calibration and replicate runs ensuring accuracy and reproducibility.	Testing confirms standardized potency, verifies label claims, and supports consistency in green superfood and botanical products.	1	Chlorophyll
Cholesterol	Phytochemical, Vitamin, and Actives	7-10 days	25	This assay quantifies cholesterol content in food and supplement samples using Gas Chromatography (GC) following AOAC Official Method 976.26. It ensures compliance with nutritional labeling requirements and verifies formulation accuracy in animal-based products and fortified foods.	Samples are saponified to release cholesterol from esters, then extracted with organic solvents. The extract is analyzed by Gas Chromatography with Flame Ionization Detection (GC-FID). Quantification is achieved using calibration curves from high-purity cholesterol standards, with duplicate runs and internal reference correction to ensure precision.	Results are reported in mg per 100 g or per serving. The values are compared with regulatory thresholds and label claims. Accurate cholesterol quantification supports transparency in nutrition facts panels and helps monitor lipid levels in dietary and functional formulations.	1	Cholesterol
Choline	Phytochemical, Vitamin, and Actives	7-10 days	5	This assay quantifies choline—an essential nutrient involved in liver function, brain development, and cell membrane structure—in food and supplement matrices. It measures both free choline and that released from bound forms after conversion. The method employs LC‑MS/MS for high sensitivity and accuracy, supporting nutritional labeling and product quality assessment.	The sample is subjected to an extraction process (often including acid digestion) to liberate choline from bound compounds. An internal standard is added to correct for any losses during processing. The extract is analyzed by LC‑MS/MS, with calibration performed using choline standards and quality control measures ensuring data integrity.	Results are provided in mg per 100 g or per serving. The reported levels allow comparison with nutritional targets and formulation claims. Consistency across batches confirms reliable manufacturing, while deviations may prompt adjustments in fortification levels.	1	Choline
Chromium	Elemental	5-7 days	10	This assay measures chromium (Cr) using Inductively Coupled Plasma Mass Spectrometry (ICP-MS). The method provides sensitive and accurate elemental quantification across a wide range of matrices.	Samples are digested and analyzed by ICP-MS under validated conditions. Chromium is ionized in the plasma and detected by mass spectrometry. Calibration with certified reference standards and internal controls ensures accuracy and reproducibility.	Testing verifies label claims, confirms elemental purity, and supports consistent formulation and regulatory compliance.	1	Chromium
Citicoline (CDP-Choline)	Phytochemical, Vitamin, and Actives	7-10 days	5	This assay quantifies citicoline (CDP-choline), a bioavailable choline donor used in nootropic and neurological support supplements. Using HPLC, it measures citicoline content in raw materials and finished formulations to verify potency, ensure label accuracy, and detect degradation or adulteration.	Samples are extracted in aqueous or buffered solvent and analyzed by HPLC with UV detection at a compound-specific wavelength (typically ~270 nm). Quantification is performed using certified citicoline standards, with internal standard correction and duplicate injections to ensure reproducibility and accuracy.	Results are reported in mg per g or per serving. Values are compared against formulation targets and declared label claims to confirm dosing accuracy, validate standardized potency, and ensure consistency across production batches.	1	Citicoline (CDP-Choline)
Citric Acid	Phytochemical, Vitamin, and Actives	7-10 days	5	This test quantifies citric acid content in raw materials, powders, and finished products using High-Performance Liquid Chromatography (HPLC). Citric acid is important for flavor enhancement, preservation, and pH regulation in formulations. The method provides precise measurement down to 0.01% concentration, supporting quality control and regulatory compliance.	Samples are prepared by dissolving a representative portion in deionized water followed by filtration to remove particulates. The extract is injected into an HPLC system equipped with a C18 reversed-phase column and detected using UV absorbance at 210 nm. Quantification is achieved by comparing peak areas to a calibration curve generated from certified citric acid reference standards. Method accuracy is verified through duplicate injections and spike recovery tests to ensure reproducibility and reliability.	Testing verifies correct formulation levels, supports quality assurance, and ensures consistent sensory and functional performance.	1	Citric Acid
Clostridium Perfringes	Microbial	4 days	10	This assay detects and quantifies Clostridium perfringens, a spore-forming anaerobic bacterium associated with foodborne illness and contamination of protein-rich or plant-based ingredients. Testing for C. perfringens ensures product safety, particularly in powdered foods, botanicals, and digestive health supplements.	Samples are enriched and cultured under anaerobic conditions using selective media such as TSC (Tryptose Sulfite Cycloserine) agar. Suspect colonies are confirmed via biochemical tests or PCR. The method aligns with AOAC, ISO 7937, or FDA BAM protocols.	Results are reported in CFU/g. Values are compared to safety thresholds (e.g., <100 CFU/g for most food products) to verify compliance with microbiological specifications and regulatory requirements.	1	Clostridium perfringens
Cocoa Flavonols	Phytochemical, Vitamin, and Actives	11-13 days	10	This assay quantifies cocoa flavonols using High-Performance Liquid Chromatography (HPLC). The method provides accurate profiling of cocoa polyphenols to assess purity and active content.	Samples are extracted and analyzed by HPLC under validated chromatographic conditions. Major flavonol compounds—such as catechin, epicatechin, and procyanidins—are separated and detected via UV or fluorescence detection. Quantitation is performed against certified standards, with duplicate runs ensuring precision.	Results are reported as mg/g (raw material) or mg/serving (finished products). Testing verifies standardized potency in cocoa extracts, supports antioxidant and cardiovascular health claims, and ensures batch-to-batch consistency.	1	Cocoa Flavonols
Coconut Allergen	Allergen	2 days	5	This assay detects and quantifies coconut protein using a validated ELISA (Enzyme-Linked Immunosorbent Assay). It is used to confirm the presence or absence of coconut contamination in raw materials, finished products, or manufacturing environments—critical for meeting FDA and international allergen labeling requirements.	Samples are extracted and analyzed using a coconut-specific sandwich ELISA. The method uses antibody-based colorimetric detection and quantifies results against a certified standard curve. Positive and negative controls are included to ensure accuracy and reproducibility.	Results are reported in ppm (mg/kg) of coconut protein. The method typically detects trace levels as low as 1–5 ppm depending on the product matrix, making it suitable for verifying allergen-free claims and preventing cross-contact risks.	1	Coconut Allergen
Coliforms	Microbial	4 days	10	Coliform bacteria are indicators of sanitation and possible fecal contamination in food products.	Samples are plated on coliform-specific media and incubated. Colonies are identified by color or biochemical markers and reported as CFU/g or CFU/mL.	Presence suggests inadequate sanitation or contamination during production.	1	Total Coliforms
Color Match	Stability	3 days					1	Color
Conjugated Linoleic Acid	Phytochemical, Vitamin, and Actives	7-10 days	5	This assay quantifies conjugated linoleic acid (CLA), a group of omega-6 fatty acid isomers commonly found in weight management and sports nutrition supplements. Using LC-MS/MS, it verifies CLA content in oils, softgels, and powders to confirm label claims and ensure proper dosing in functional products.	Samples are extracted in organic solvent and analyzed by LC-MS/MS using isomer-specific mass transitions. Quantification is performed with certified CLA standards, internal standard correction, and duplicate injections to ensure accurate and reproducible results.	Results are reported in mg per g or per serving. Values are compared to label claims and formulation targets to confirm consistency, detect degradation, or identify formulation issues across batches.	2	10E,12Z-Conjugated Linoleic Acid 9Z,11Z-Conjugated Linoleic Acid
Container Closure	Stability	3 days					7	Closure Bottle Integrity (Exterior) Closure Bottle Integrity (Interior) Closure Cap Condition Closure Desiccant Condition Closure Label Integrity Closure Readability of Lot and Expiry Date Closure Seal Integrity
Copper	Elemental	5-7 days	6	This test quantifies copper, an essential trace mineral required for enzymatic activity, iron transport, connective tissue synthesis, and neurological function, in dietary supplements, food products, and raw materials using Inductively Coupled Plasma Mass Spectrometry (ICP-MS). Copper is a declared nutrient on supplement facts panels and must be accurately quantified to support label claim verification, raw material qualification, and cGMP compliance. Results are reported in mg or µg per serving or per gram, as applicable.	A representative sample is digested using microwave-assisted acid digestion with a nitric acid and hydrogen peroxide mixture to fully dissolve the matrix and bring all copper into solution. The digested solution is diluted to volume and analyzed by ICP-MS, where copper is detected and quantified based on its characteristic mass-to-charge ratio. Quantification is performed against a multi-point external calibration curve prepared from a certified copper reference standard, with an appropriate internal standard used to correct for matrix effects and instrument drift. Certified reference materials and method blanks are analyzed concurrently to confirm accuracy and recovery.	Copper is a required nutrient declaration on supplement facts panels when present at ≥2% of the Daily Value, and accurate quantification is essential for label compliance and consumer safety given that both deficiency and excess copper intake carry significant health risks. ICP-MS provides the sensitivity and selectivity needed to measure copper accurately across a wide range of supplement and food matrices, and its multi-element capability allows copper to be quantified efficiently as part of a broader elemental profiling panel.	1	Copper
CoQ10	Phytochemical, Vitamin, and Actives	7 days	5	This test quantifies Coenzyme Q10 (ubiquinone) — a fat-soluble, endogenously produced compound essential for mitochondrial ATP synthesis and cellular antioxidant protection — in dietary supplements, raw materials, and finished products using High-Performance Liquid Chromatography (HPLC). CoQ10 is one of the most widely used ingredients in cardiovascular and energy support supplements, and accurate potency verification is critical for label claim substantiation given the significant cost of pharmaceutical-grade CoQ10 and its susceptibility to underdosing. This method is applicable to both the oxidized form (ubiquinone) and, with appropriate method adaptation, the reduced form (ubiquinol). Results are reported as a percentage or in milligrams per serving.	A representative sample is accurately weighed and extracted using an organic solvent such as ethanol, hexane, or a methanol/isopropanol mixture, with sonication to ensure complete dissolution of the lipophilic CoQ10. The extract is filtered through a 0.2 µm membrane and analyzed by reversed-phase HPLC on a C18 column, with UV or Electrochemical (ECD) detection at approximately 275 nm. Quantification is performed against a multi-point external calibration curve prepared from a certified CoQ10 (ubiquinone) reference standard. System suitability and quality control standards are run concurrently to confirm method accuracy and precision, and all sample preparation steps are performed with minimal light exposure to prevent photodegradation.	CoQ10 is a high-value ingredient that commands a significant price premium, making it one of the more commonly underdosed actives in the supplement industry. HPLC with UV or electrochemical detection provides the sensitivity and specificity needed to accurately quantify CoQ10 in complex lipid-rich matrices, distinguishing it from structurally related ubiquinol and other fat-soluble co-extractives. Rigorous potency testing is essential for label claim compliance, raw material qualification, and consumer trust in cardiovascular and energy support formulations under 21 CFR 111.	1	CoQ10
Cordycepin	Phytochemical, Vitamin, and Actives	7-10 days	5	This test quantifies cordycepin (3'-deoxyadenosine) — a naturally occurring adenosine analog and the principal bioactive nucleoside constituent of Cordyceps militaris — in raw materials, fungal extracts, and dietary supplements using High-Performance Liquid Chromatography (HPLC). Cordycepin is one of the most pharmacologically significant compounds in the Cordyceps genus, with a growing body of research supporting its roles in energy metabolism, immune modulation, anti-inflammatory activity, and cellular health. It is used as a key potency marker to differentiate high-quality C. militaris extracts from Cordyceps sinensis and mycelium-based products, which typically contain little to no cordycepin. Accurate quantification is essential for label claim substantiation and for confirming the quality and authenticity of Cordyceps raw materials. Results are reported as a percentage or in milligrams per gram or per serving.	A representative sample is accurately weighed and extracted using an appropriate aqueous solvent system (e.g., water or aqueous methanol) to ensure complete dissolution of cordycepin and related nucleosides. The extract is filtered and analyzed by reversed-phase HPLC on a C18 column with UV detection at 260 nm, the characteristic absorption maximum of the adenine nucleobase chromophore shared by cordycepin and adenosine. Quantification is performed against a multi-point external calibration curve prepared from a certified cordycepin reference standard. Where applicable, related nucleosides — including adenosine and cordycepic acid (D-mannitol) — may be monitored simultaneously to provide a broader nucleoside profile and confirm the characteristic Cordyceps composition. Quality control samples are run concurrently to confirm method accuracy, precision, and linearity throughout the analytical run.	Cordycepin's adenine nucleobase chromophore provides strong UV absorption at 260 nm, making HPLC with UV detection a sensitive and specific method for its quantification without the need for derivatization. Chromatographic separation on a C18 column resolves cordycepin from adenosine and other co-occurring nucleosides based on differences in hydrophobicity, ensuring that potency results reflect cordycepin content specifically. This distinction is analytically critical, as cordycepin and adenosine differ by only a single hydroxyl group at the 3' position of the ribose sugar and cannot be distinguished by UV spectrophotometry alone. The method supports raw material qualification, label claim substantiation, and cGMP compliance under 21 CFR 111.	1	Cordycepin
Cordyceps Mushroom (Cordyceps sinensis) ID	Phytochemical, Vitamin, and Actives	11-13 days	10	This test confirms the botanical identity of Cordyceps sinensis mushroom in raw materials and finished products using High-Performance Thin-Layer Chromatography (HPTLC). The characteristic nucleoside fingerprint — including adenosine and cordycepin — of the sample is compared against a certified Cordyceps sinensis reference standard to confirm species authenticity and detect substitution with Cordyceps militaris, mycelium-on-grain products, or unrelated fungal materials. Results are reported as confirmed identity or non-conforming.	A representative sample is extracted using methanol-water and applied alongside a certified Cordyceps sinensis reference standard onto an HPTLC silica gel plate. The plate is developed in a validated solvent system, examined under UV at 254 nm and 366 nm, and the fingerprint is compared visually and by densitometric scanning to the reference standard in terms of Rf values, band positions, and fluorescence profile.	Cordyceps is one of the most adulterated mushroom ingredients in the supplement market, with mycelium-on-grain products and Cordyceps militaris frequently substituted for true Cordyceps sinensis fruiting body. HPTLC identity testing provides a practical and defensible method for confirming species authenticity, supporting supplier qualification and cGMP compliance under 21 CFR 111.		
Corn (Botanical ID)	Allergen	2 days	100	This assay confirms the presence of corn (Zea mays) using DNA-based identification through PCR. It is used to verify botanical origin in raw ingredients, detect adulteration, and ensure accurate labeling for corn-derived or corn-free products.	DNA is extracted from the sample and amplified using corn-specific primers. PCR amplification confirms the presence of Zea mays DNA, with results determined through endpoint or real-time PCR. Positive and negative controls are used to ensure assay validity.	Results are reported as Detected / Not Detected. This method is suitable for confirming the botanical identity of corn in complex matrices, extracts, or raw material powders.	1	Plant Identification (Zea mays)
Coumarin	Phytochemical, Vitamin, and Actives	7-9 days	10	This assay quantifies coumarin, a naturally occurring benzopyrone compound found at markedly higher levels in cassia cinnamon (Cinnamomum cassia) than in Ceylon cinnamon (Cinnamomum verum), using High-Performance Liquid Chromatography (HPLC). Coumarin is subject to regulatory intake limits due to its hepatotoxic potential at elevated exposure, making accurate quantification important for cinnamon-containing foods, spice blends, and botanical supplements where cassia is a common, lower-cost cinnamon source. Results are reported in mg/kg or mg/serving.	A representative sample is extracted using methanol or aqueous-methanol with sonication to solubilize coumarin from the cinnamon or botanical matrix. The extract is filtered and analyzed by reversed-phase HPLC on a C18 column with UV or fluorescence detection at a wavelength selective for coumarin's characteristic chromophore. Quantification is performed against a multi-point calibration curve prepared from a certified coumarin reference standard, with duplicate injections and spike-recovery controls confirming accuracy and precision.	Cassia and Ceylon cinnamon are visually and often commercially indistinguishable once ground, yet differ substantially in coumarin content and associated health risk. HPLC provides the selectivity and sensitivity needed to quantify coumarin accurately against matrix background, supporting compliance with regulatory intake limits and cGMP requirements under 21 CFR 111.	1	Coumarin
Cranberry ID	Phytochemical, Vitamin, and Actives	11-13 days	10	This test confirms the botanical identity of cranberry (Vaccinium macrocarpon Aiton) in raw materials, extracts, and finished products using High-Performance Thin-Layer Chromatography (HPTLC). The characteristic polyphenolic fingerprint of the sample — including anthocyanins, proanthocyanidins, and flavonols specific to Vaccinium macrocarpon — is compared against a certified cranberry reference standard to confirm species authenticity and detect substitution with other Vaccinium species, grape skin extracts, or synthetic colorants used to mimic cranberry's characteristic profile. Results are reported as confirmed identity or non-conforming.	A representative sample is extracted using aqueous methanol or acidified ethanol and applied alongside a certified Vaccinium macrocarpon reference standard onto an HPTLC silica gel plate. The plate is developed in a validated solvent system and examined under UV at 254 nm and 366 nm, and optionally derivatized with a suitable spray reagent such as Natural Products Reagent A (NP/PEG) to enhance visualization of the flavonoid and anthocyanin bands. The resulting fingerprint is compared visually and by densitometric scanning to the reference standard in terms of Rf values, band positions, and fluorescence profile.	Cranberry is a high-demand botanical ingredient that is frequently adulterated with lower-cost fruit extracts — including grape, elderberry, and bilberry — or diluted with non-specific polyphenol sources that lack the A-type proanthocyanidins characteristic of genuine Vaccinium macrocarpon. HPTLC identity testing based on the cranberry polyphenolic fingerprint provides a rapid and defensible species confirmation, supporting supplier qualification, consumer safety, and cGMP compliance under 21 CFR 111.		
Creatine	Phytochemical, Vitamin, and Actives	5 days	10	This assay quantifies a full panel of creatine-related compounds to confirm potency, and identity. It includes analysis of Creatine Monohydrate, Creatine, Creatinine, Dicyandiamide, and Creatine Nitrate, providing a comprehensive profile for raw materials and finished supplements.	The sample is weighed and dissolved following USP guidelines. Using either HPLC or titrimetric analysis, creatine is quantified by comparing the sample response to a certified reference standard. Moisture content is corrected for, and duplicate analyses along with system suitability tests are performed to ensure accuracy.	Results are expressed as a percentage (on a dried basis) or in mg per serving. Values within the USP-specified range indicate that the product meets purity and dosage requirements, while deviations may signal formulation or processing issues.	10	Creatine Creatine Ethyl Ester HCl Creatine Gluconate Creatine HCl Creatine Monohydrate Creatine Nitrate Creatinine Di-Creatine malate Dicyandiamide Tri-Creatine malate
Creatine (Assay Only)		5 days	10	This assay quantifies a full panel of creatine-related compounds to confirm potency, and identity. It includes analysis of Creatine Monohydrate, Creatine, and Creatine Nitrate, providing a comprehensive profile for raw materials and finished supplements.	The sample is weighed and dissolved following USP guidelines. Using HPLC analysis, creatine is quantified by comparing the sample response to a certified reference standard. Moisture content is corrected for, and duplicate analyses along with system suitability tests are performed to ensure accuracy.	Results are expressed as a percentage (on a dried basis) or in mg per serving. Values within the USP-specified range indicate that the product meets purity and dosage requirements, while deviations may signal formulation or processing issues.	8	Creatine Creatine Ethyl Ester HCl Creatine Gluconate Creatine HCl Creatine Monohydrate Creatine Nitrate Di-Creatine malate Tri-Creatine malate
Crocin	Phytochemical, Vitamin, and Actives	11-13 days	10	This assay measures crocin, a carotenoid glycoside, using High-Performance Liquid Chromatography with UV-Visible detection (HPLC/UV-Vis). The analysis provides accurate quantification for quality control and standardization.	Samples are extracted and analyzed under validated HPLC conditions. Crocin is chromatographically separated and detected by UV-Vis at its characteristic absorbance. Quantitation is performed using certified reference standards, with calibration curves and replicate injections ensuring accuracy and reproducibility.	Testing verifies standardized potency, confirms label claims, and ensures batch-to-batch consistency.	1	Crocin
Crocins	Phytochemical, Vitamin, and Actives	11-13 days	6	This test quantifies crocins — the water-soluble carotenoid glycosides responsible for saffron's characteristic deep red color and primary bioactivity — in saffron (Crocus sativus) raw materials, standardized extracts, and dietary supplements using High-Performance Liquid Chromatography with UV-Visible (HPLC/UV-Vis) detection. Crocins, principally trans-crocetin di-(β-D-gentiobiosyl) ester (crocin-1) and its related esters, are the key marker compounds used to standardize saffron extracts and are directly linked to the ingredient's documented effects on mood, cognitive function, and antioxidant capacity. Accurate quantification confirms extract potency, supports label claim substantiation, and helps detect adulteration with synthetic colorants or inferior saffron materials. Results are reported as a percentage or in milligrams per gram.	A representative sample is accurately weighed and extracted using aqueous methanol or water, with sonication to ensure complete dissolution of the polar crocin glycosides. The extract is filtered through a 0.2 µm membrane and analyzed by reversed-phase HPLC on a C18 column, with UV-Vis detection at approximately 440 nm — the characteristic absorption maximum of the crocin chromophore. Individual crocin esters (crocin-1 through crocin-4) are resolved chromatographically and quantified against a multi-point external calibration curve prepared from a certified crocin reference standard. Safranal and picrocrocin peaks may also be monitored concurrently to provide a comprehensive saffron quality profile. System suitability and quality control standards are run at regular intervals to confirm method accuracy and precision.	Saffron is the world's most expensive spice by weight and is one of the most heavily adulterated botanical ingredients in the supplement industry, with common adulterants including synthetic carotenoid dyes (e.g., Sudan red, tartrazine), safflower petals, and low-grade saffron stigmas mixed with styles. HPLC/UV-Vis quantification of individual crocin esters provides a highly specific and reproducible measure of saffron extract potency that cannot be replicated by simple UV absorbance measurements alone, enabling detection of adulteration with non-saffron colorants that may absorb at similar wavelengths. This test is aligned with ISO 3632 quality standards for saffron and supports both raw material qualification and finished product release under 21 CFR 111.	1	Crocins
Cronobacter	Microbial	5 days	50	This test detects the presence or absence of Cronobacter species (formerly Enterobacter sakazakii) in dietary supplements, powdered food products, and raw materials using Polymerase Chain Reaction (PCR). Cronobacter is a foodborne pathogen capable of causing severe and potentially fatal infections — including meningitis and septicemia — particularly in neonates and immunocompromised individuals. PCR-based detection provides rapid, highly specific identification of Cronobacter DNA, enabling faster results than traditional culture-based methods. Results are reported as detected or not detected per the tested sample size, in accordance with applicable regulatory standards.	A representative sample is enriched in a non-selective broth at 37°C for a defined incubation period to resuscitate and amplify any viable Cronobacter cells present. Following enrichment, DNA is extracted from the broth using a validated nucleic acid extraction procedure. The extracted DNA is subjected to real-time PCR (qPCR) using primers and probes targeting Cronobacter-specific genomic sequences. Positive and negative controls, including an internal amplification control, are run concurrently with each batch to confirm assay performance and rule out PCR inhibition. Any presumptive positive result is confirmed by a secondary method per applicable regulatory guidance.	Cronobacter is a regulated pathogen in powdered infant formula under FDA 21 CFR Part 106 and is subject to zero-tolerance requirements in many food categories. Its ability to survive desiccation makes it a persistent risk in dry powder supplement and food matrices where standard hygiene controls may be insufficient. PCR-based detection offers significantly faster turnaround than traditional culture methods while maintaining high sensitivity and specificity, enabling timely release decisions and rapid response to potential contamination events.	1	Cronobacter
Crude Fiber	Phytochemical, Vitamin, and Actives	10 days	50	This assay estimates crude fiber by measuring the indigestible residue remaining after sequential acid and alkali digestion of the food sample. It primarily captures components such as cellulose and lignin, though it underestimates total dietary fiber. It is used in legacy analyses and certain feed quality assessments to gauge plant residue content.	The sample is defatted (if necessary) and boiled in dilute acid to remove starches and soluble components, then treated with dilute alkali. The residue is filtered, dried, and weighed, and subsequently incinerated to determine ash content. The difference between the dry residue and ash weight provides the crude fiber content, with replicate testing and blanks ensuring method consistency.	Results are given as a percentage of the sample weight. Higher crude fiber values indicate a greater proportion of indigestible plant material. Although it does not capture all fiber, it provides a comparative metric for consistency across batches or ingredients.	1	Crude Fiber
Curcumin	Phytochemical, Vitamin, and Actives	7-10 days	5	This assay quantifies curcuminoid content in turmeric (Curcuma longa) extracts using HPLC. It measures four key bioactive compounds: Total Curcuminoids, Bisdemethoxycurcumin, Curcumin, and Demethoxycurcumin. This profile is essential for verifying potency, ensuring extract standardization (e.g., 95% curcuminoids), and detecting adulteration or degradation.	Samples are extracted using solvents optimized for curcuminoid recovery under light-protected conditions. The extract is analyzed by HPLC with detection at a specific wavelength for curcumin and its analogs (demethoxycurcumin and bisdemethoxycurcumin). Calibration with high-purity curcumin standards, along with internal standard correction and duplicate runs, ensures reliable quantification.	Results are provided in mg per g or per serving. The values are assessed against label claims and formulation targets. Measuring curcumin content confirms extract standardization and helps ensure therapeutic consistency across production batches.	4	Bisdemethoxycurcumin Curcumin Demethoxycurcumin Total Curcuminoids
Curcuminoids	Phytochemical, Vitamin, and Actives	7-10 days	10	This assay quantifies total curcuminoids in turmeric (Curcuma longa) extracts using HPLC. It measures the key bioactive compounds which are responsible for turmeric’s functional properties. This profile is essential for verifying standardized extracts (e.g., 95% curcuminoids) and ensuring potency in finished products.	Samples are extracted using methanol or other suitable organic solvents and analyzed by HPLC with UV detection (typically at ~425 nm). Quantification is performed using certified reference standards for each curcuminoid, with internal standard correction and duplicate injections for precision.	Results are reported in mg per g or % w/w for each compound and total curcuminoids. Values are compared to formulation targets and label claims to confirm potency, detect degradation, and identify possible adulteration.	4	Bisdemethoxycurcumin Curcumin Demethoxycurcumin Total Curcuminoids
Cyanide	Contaminants	7-9 days	10	This assay quantifies cyanide, a toxic compound that can occur naturally in certain plants or as a byproduct of processing. Monitoring cyanide ensures that concentrations remain within safe, regulated limits and that detoxification or purification steps are effective.	Samples are analyzed for total cyanide content using validated analytical techniques suitable for the product matrix. Quality control standards and calibration verification ensure accuracy and reproducibility.	Results are reported in mg/kg (solids) or µg/L (liquids). Testing ensures compliance with international safety limits, confirms raw material safety, and protects consumers from exposure to toxic levels of cyanide.	1	Cyanide
Dehydroepiandrosterone (DHEA)	Phytochemical, Vitamin, and Actives	7-10 days	5	This assay quantifies dehydroepiandrosterone (DHEA), a steroid hormone precursor to androgens and estrogens. Using HPLC, it verifies DHEA content in dietary supplements and raw materials to ensure label accuracy, potency, and stability across production batches.	Samples are extracted in organic solvents and analyzed by HPLC with UV detection at a compound-specific wavelength. Quantification is performed using certified DHEA reference standards, with internal standard correction and duplicate injections to ensure reproducibility and accuracy.	Results are reported in mg per g or per serving. Values are compared to declared label claims and formulation targets to confirm dosing consistency and detect underformulation or degradation.	1	Dehydroepiandrosterone (DHEA)
Dietary Fiber AOAC 2009.01 (CODEX Definition – Total only)	Phytochemical, Vitamin, and Actives	10-15 business days	100	This test determines Total Dietary Fiber (TDF) in foods, dietary supplement ingredients, and finished products using AOAC Official Method 2009.01, an enzymatic-gravimetric–liquid chromatographic method developed to align with the CODEX definition of dietary fiber. The method is designed to measure the sum of non-digestible carbohydrate polymers that meet the method’s validated scope, including insoluble dietary fiber, soluble high-molecular-weight dietary fiber, resistant starch, and soluble low-molecular-weight dietary-fiber fractions such as qualifying nondigestible oligosaccharides. The result is reported as total dietary fiber, typically in g/100 g, % w/w, g/serving, or g/100 g on an as-is or dry-weight basis as specified. This catalog entry provides a single Total Dietary Fiber result; it does not separately report insoluble dietary fiber, soluble high-molecular-weight dietary fiber, or low-molecular-weight soluble dietary fiber fractions.	A representative, homogenized sample is accurately weighed and subjected to controlled enzymatic digestion to remove digestible starch and protein while retaining nondigestible dietary-fiber components. The procedure uses the enzyme sequence and digestion conditions prescribed by AOAC 2009.01, including enzymatic treatment for starch hydrolysis and protein removal. The high-molecular-weight dietary-fiber fraction is recovered by ethanol precipitation and gravimetric isolation, with appropriate corrections for residual protein and ash. The soluble low-molecular-weight dietary-fiber fraction remaining in the filtrate is recovered and quantified by liquid chromatography in accordance with the method, using qualified carbohydrate standards and validated calculation procedures. The gravimetric and chromatographic components are combined to calculate Total Dietary Fiber. Reagent blanks, duplicate sample preparations, method controls, calibration or response-verification standards, and applicable certified reference materials are included to confirm digestion performance, recovery, precision, and calculation accuracy.	AOAC 2009.01 is particularly valuable for contemporary fiber-containing products because older gravimetric dietary-fiber methods may not fully capture resistant starch and lower-molecular-weight nondigestible oligosaccharides. By combining enzymatic digestion, gravimetric measurement, and liquid-chromatographic determination, the method provides a more inclusive Total Dietary Fiber value consistent with the CODEX-aligned analytical framework. This supports nutritional labeling, product formulation, supplier qualification, and verification of total-fiber claims, subject to the applicable jurisdiction’s labeling requirements. The total-only format is appropriate when a complete TDF value is required without separate soluble and insoluble fiber declarations.	1	Dietary Fiber AOAC 2009.01 (CODEX Definition – Total only)
Dietary Fiber (resistant)- AOAC 2011.25	Phytochemical, Vitamin, and Actives	10-15 days	100	This assay quantifies resistant dietary fiber using AOAC 2011.25, an official enzymatic-gravimetric method for total dietary fiber analysis. Resistant fiber resists digestion in the upper gastrointestinal tract and contributes to a product's total fiber content, an increasingly important label claim across foods and supplements. Results are reported as % w/w or grams per serving.	A representative sample undergoes sequential enzymatic digestion to simulate normal digestion, followed by isolation and quantification of the resistant fiber fraction per AOAC 2011.25. Results are calculated gravimetrically, with corrections for protein and ash content, and confirmed against reference materials and duplicate analyses.	AOAC 2011.25 is the recognized official method for total dietary fiber determination, ensuring results are standardized and defensible for nutrition labeling. This method supports accurate fiber claims and regulatory compliance.	3	Dietary Fiber Insoluble Fiber Soluble Fiber
Dietary Fiber (Resistant FOS)	Phytochemical, Vitamin, and Actives	10-15 days	100	This assay quantifies dietary fiber using AOAC 2001.03 with AOAC 991.43 enzymatic digestion. The method measures total dietary fiber and differentiates soluble and insoluble fractions, including resistant FOS that are not digested in the small intestine.	Samples undergo enzymatic digestion per AOAC 991.43 to simulate human digestion, followed by gravimetric and chromatographic determination according to AOAC 2001.03. Soluble and insoluble fiber fractions are isolated and quantified, then combined to calculate total dietary fiber. Quality controls and method blanks ensure accuracy and reproducibility.	Testing verifies nutrition facts labeling, supports fiber-related claims, and ensures compliance with FDA and international dietary fiber definitions.	3	Dietary Fiber Insoluble Fiber Soluble Fiber
Dietary Fiber (Soluble + Insoluble)	Phytochemical, Vitamin, and Actives	10 days	50	This assay quantifies total dietary fiber—including both soluble and insoluble fractions—in food samples. It mimics human digestion by enzymatically removing starch and protein, leaving behind fiber fractions that are then separated and measured. This method provides a comprehensive fiber profile for nutritional labeling and product formulation.	The sample is treated sequentially with α‑amylase, protease, and amyloglucosidase to remove digestible components. Insoluble fiber is collected by filtration, while soluble fiber is precipitated with ethanol. Both fractions are washed, dried, and weighed, then corrected for residual protein and ash content. Calibration and duplicate tests ensure robustness.	Results are reported as grams of fiber per 100 g of product (or as a percentage), and may be divided into soluble and insoluble fractions. Consistent fiber values support nutritional claims, while variations may indicate changes in formulation or processing efficiency.	3	Dietary Fiber Insoluble Fiber Soluble Fiber
Diethylene Glycol (DEG)	Contaminants	7-10 days	5	This assay quantifies diethylene glycol (DEG), a toxic solvent contaminant that may be present in raw materials such as glycerin, propylene glycol, or polyethylene glycol. Using LC-MS/MS, it detects trace levels of DEG in supplements, personal care products, and excipients to ensure safety and prevent regulatory violations.	Samples are extracted in aqueous or alcohol-based solvents and analyzed by LC-MS/MS using compound-specific mass transitions. Quantification is performed with certified DEG standards, internal standard correction, and duplicate injections to ensure precision and trace-level sensitivity.	Results are reported in ppm (mg/kg) or ppb. Values are assessed against international safety limits (e.g., USP, FDA, EMA) to confirm absence or compliant levels of DEG in finished products or raw materials.	1	Diethylene Glycol
Dihydroberberine	Phytochemical, Vitamin, and Actives	7-10 days	5	This test quantifies dihydroberberine, a hydrogenated form of berberine with improved bioavailability, using High-Performance Liquid Chromatography (HPLC). It is applicable to raw botanical materials and finished dietary supplements such as capsules and powders. The method provides precise measurement down to 0.1% w/w, ensuring product consistency and label accuracy.	Samples are prepared by extracting 0.5 g of material with methanol using sonication for 30 minutes, followed by filtration. The extract is injected into an HPLC system equipped with a C18 column and UV detection at 345 nm. Separation of dihydroberberine from berberine and other alkaloids is achieved using a gradient mobile phase of water and acetonitrile with 0.1% formic acid. Quantification is performed against a certified dihydroberberine reference standard using a five-point calibration curve. Method precision is verified through duplicate injections and spike recovery tests at multiple concentration levels.	Testing confirms label claims, verifies ingredient purity, and ensures consistency across metabolic-support formulations.	1	Dihydroberberine
Dihydromyricetin	Phytochemical, Vitamin, and Actives	7-10 days	5	This test quantifies dihydromyricetin (DHM), a bioactive flavonoid known for its antioxidant properties, in raw materials and finished botanical products such as powders and capsules. The assay employs High-Performance Liquid Chromatography (HPLC) with UV detection to provide precise measurement of DHM content, reported in mg per gram of sample. Accurate DHM quantification supports quality control and standardization of botanical ingredients and supplements.	Samples are prepared by extracting 0.5 g of powdered material with 10 mL of 70% methanol using sonication for 30 minutes, followed by filtration. The extract is injected into an HPLC system equipped with a C18 reversed-phase column and UV detection set at 290 nm. Separation is achieved using a gradient elution of water and acetonitrile with 0.1% formic acid over 30 minutes. Quantification is performed using an external calibration curve constructed from certified DHM reference standards ranging from 1 to 100 µg/mL. Method precision and accuracy are verified through duplicate injections, quality control samples, and spike recovery tests.	Results are reported in mg/g (raw materials) or mg/serving (finished products). Testing verifies standardized potency, confirms product label claims, and ensures consistent quality across botanical and antioxidant formulations.	1	Dihydromyricetin
Disintegration	Stability	4 Days	20				1	Disintegration
E. Coli	Microbial	4 days	10	This test screens for Escherichia coli, a bacteria that indicates fecal contamination and can pose serious health risks.	Samples are cultured on selective media and confirmed using biochemical or molecular methods. Reported as presence/absence or CFU/g.	E. coli should be absent in final products. Any detection raises safety concerns.	1	E. Coli
Egg Allergen	Allergen	2 days	5	This assay detects egg proteins, such as ovalbumin and ovomucoid, in food samples to verify allergen-free claims and prevent cross-contact. It is essential for ensuring that even trace amounts of egg are identified in complex matrices, protecting sensitive consumers.	Samples are extracted using a protein solubilization buffer and applied to ELISA plates pre-coated with egg-specific antibodies. After incubation, a secondary enzyme-linked antibody is added, and a colorimetric reaction is developed. The intensity is measured spectrophotometrically and compared to a calibration curve constructed with known standards, with duplicate wells and controls confirming accuracy.	Results are reported in parts per million (ppm). Non-detectable or very low levels indicate that the product is effectively free from egg contamination, while any measurable level suggests potential cross-contact requiring further action.	1	Egg Allergen
Ellagic Acid	Phytochemical, Vitamin, and Actives	7-10 days	5	This test quantifies ellagic acid — a naturally occurring polyphenolic dilactone formed from the hydrolysis of ellagitannins and found in a wide range of botanicals including pomegranate (Punica granatum), red raspberries (Rubus idaeus), strawberries (Fragaria spp.), walnuts (Juglans regia), and oak-aged materials — in raw materials, fruit extracts, and dietary supplements using High-Performance Liquid Chromatography (HPLC). Ellagic acid is used as a key potency marker for pomegranate and berry extracts standardized to ellagic acid content, and is increasingly recognized for its antioxidant, anti-inflammatory, antiproliferative, and gut microbiome-modulating properties. Accurate quantification is essential for label claim substantiation and for confirming that the declared ellagic acid content is present in standardized botanical extracts. Results are reported as a percentage or in milligrams per gram or per serving.	A representative sample is accurately weighed and extracted using an appropriate solvent system (e.g., aqueous methanol or dimethyl sulfoxide/methanol) to ensure complete dissolution of ellagic acid, which has limited solubility in purely aqueous solvents. Where the sample contains ellagitannins that may contribute to total ellagic acid upon hydrolysis, an optional acid hydrolysis step (e.g., using dilute hydrochloric acid under reflux) may be applied to convert ellagitannins to free ellagic acid prior to HPLC analysis, with results reported as free ellagic acid or total ellagic acid equivalents as appropriate. The extract is filtered and analyzed by reversed-phase HPLC on a C18 column with UV detection at 254 nm, the characteristic absorption maximum of ellagic acid's extended aromatic chromophore. Quantification is performed against a multi-point external calibration curve prepared from a certified ellagic acid reference standard. Quality control samples are run concurrently to confirm method accuracy, precision, and linearity throughout the analytical run.	Ellagic acid's extended aromatic chromophore provides strong UV absorption at 254 nm, making HPLC with UV detection a sensitive and specific method for its quantification without the need for derivatization. Chromatographic separation on a C18 column resolves ellagic acid from co-occurring polyphenols — including ellagitannins, anthocyanins, and flavonoids — present in pomegranate and berry extracts, ensuring that potency results reflect ellagic acid content specifically. The option to include an acid hydrolysis step enables reporting of total ellagic acid equivalents (free ellagic acid plus ellagitannin-derived ellagic acid), which is the most commonly used potency specification for pomegranate extracts standardized to ellagic acid. This method supports label claim substantiation, raw material qualification, and cGMP compliance under 21 CFR 111.	1	Ellagic Acid
Enterobacteriaceae	Microbial	4 days	10	Tests for a broad family of bacteria including pathogens and spoilage organisms, often used as a general hygiene indicator.	Samples are plated on violet red bile glucose agar or similar selective media. Results reported as CFU/g or CFU/mL.	Elevated levels suggest contamination or poor sanitation practices during production.	1	Enterobacteriaceae
Erythritol	Phytochemical, Vitamin, and Actives	7-10 days	5	This assay quantifies erythritol, a non-caloric sugar alcohol used in keto, diabetic-friendly, and reduced-sugar products. Using HPLC, it determines erythritol content to verify label accuracy, assess total sweetener load, and ensure compliance with “sugar-free” or “no added sugar” claims—especially in light of growing regulatory and health scrutiny.	Samples are extracted in water or dilute acid and filtered before analysis. The extract is analyzed by HPLC with refractive index detection (or UV, depending on matrix). Quantification is performed using high-purity erythritol standards, with internal standard correction and duplicate runs to ensure accuracy.	Results are reported in g/100 g, g/100 mL, or per serving. The values are compared against formulation targets and declared nutrition label values. Testing confirms appropriate use of natural sweeteners and provides transparency in formulations marketed for metabolic health.	1	Erythritol
Eurycomanone	Phytochemical, Vitamin, and Actives	7-10 days	5	This test quantifies eurycomanone — the primary bioactive quassinoid found in Tongkat Ali (Eurycoma longifolia) root — in raw materials and dietary supplements using High-Performance Liquid Chromatography (HPLC). Eurycomanone is widely recognized as the key marker compound responsible for the herb's traditional use in supporting male vitality, energy, and hormonal balance. Accurate quantification ensures that the botanical extract meets its standardized potency and delivers the expected physiological benefits. Results are reported as a percentage or in milligrams per serving to verify label claims and support cGMP compliance.	A representative sample is accurately weighed and extracted using an appropriate solvent, such as aqueous methanol or water, often aided by sonication or reflux to ensure complete dissolution of the quassinoids. The extract is filtered and analyzed via reversed-phase HPLC equipped with a UV or Photodiode Array (PDA) detector, typically monitored at approximately 238 nm. Quantification is performed by comparing the eurycomanone peak area in the sample against a multi-point calibration curve generated from a certified eurycomanone reference standard. Quality control measures, including blank injections and check standards, are run concurrently to ensure method accuracy and precision.	Tongkat Ali is a highly sought-after botanical ingredient that is frequently subject to economically motivated adulteration, including substitution with inferior species or spiking with synthetic compounds. Quantifying eurycomanone via HPLC provides a highly specific and accurate measure of the extract's true potency and authenticity, distinguishing genuine Eurycoma longifolia from adulterated or low-quality materials. This rigorous testing is essential for brand protection, consumer safety, and meeting strict regulatory requirements for dietary supplement identity and strength under 21 CFR 111.	1	Eurycomanone
Eurypeptides	Phytochemical, Vitamin, and Actives	11-13 days	7	This test quantifies eurypeptides — the bioactive peptide fraction characteristic of Tongkat Ali (Eurycoma longifolia) root extract — using either the o-phthalaldehyde (OPA) fluorometric assay or the bicinchoninic acid (BCA) colorimetric assay, both of which measure total peptide and protein content as a proxy for eurypeptide concentration. Eurypeptides are the primary standardization marker used to define the potency of Tongkat Ali extracts, and their concentration is directly associated with the extract's adaptogenic and testosterone-supporting bioactivity. Results are reported as a percentage of eurypeptide content relative to extract weight to support label claim verification and cGMP compliance.	A representative sample is weighed and dissolved in a dilute aqueous buffer to prepare a homogeneous solution. For the OPA assay, the sample solution is reacted with the o-phthalaldehyde reagent in the presence of a reducing agent, and fluorescence is measured at an excitation/emission of approximately 340/455 nm. For the BCA assay, the sample is reacted with bicinchoninic acid and copper sulfate at elevated temperature, and absorbance is measured at 562 nm. In both cases, quantification is performed against a multi-point calibration curve prepared from a certified peptide or protein reference standard (typically bovine serum albumin or a defined peptide standard). Results are expressed as percentage eurypeptides relative to the initial sample weight.	Eurypeptide content is the defining potency marker for Tongkat Ali extract and is the standard by which premium extracts are graded and marketed (e.g., 22% eurypeptides). Both the OPA and BCA assays are well-established, validated methods for total peptide quantification and are appropriate for this application given the peptidic nature of the target analytes. The choice between OPA (fluorometric, higher sensitivity) and BCA (colorimetric, broader dynamic range) depends on the expected concentration range and matrix characteristics of the sample.	1	Eurypeptides
Fat Content		5 days	20	Determines the concentration of fat in a given sample.	Fat is determined by solvent extraction (e.g., Soxhlet) and gravimetric analysis.	Results are reported as grams per 100 g (or per serving) for fats	1	Fat
Fatty Acid Profile	Phytochemical, Vitamin, and Actives	5-7 days	50	Nutritional profile assay that characterizes the fatty acid composition by converting lipids into fatty acid methyl esters (FAMEs) and analyzing them via gas chromatography. It provides a detailed breakdown of saturates, monounsaturates, polyunsaturates, and trans fats for accurate nutritional labeling and quality control.	Lipids are extracted from the sample and converted into FAMEs via acid or base-catalyzed esterification. The resulting FAMEs are analyzed using gas chromatography with a flame ionization detector. Retention times and peak areas are compared to known standards, with duplicate runs and internal standards ensuring accuracy.	Results are reported as percentage composition of individual fatty acids relative to total fat. These percentages help assess nutritional quality, verify authenticity, and support compliance with labeling claims.	43	Alpha-linolenic Acid (ALA) (C18:3 n3) Arachidic Acid (C20:0) Arachidonic Acid (ARA) (C20:4) Behenic Acid (C22:0) Butyric Acid (C4:0) Caproic Acid (C6:0) Caprylic Acid (C8:0) Decanoic Acid (C10:0) Dihomo-Gamma-Linolenic Acid (DGLA) (C20:3 n6) Docosadienoic Acid (C22:2) Docosahexaenoic Acid (DHA) (C22:6) Dodecanoic Acid (C12:0) Eicosadienoic Acid (C20:2) Eicosapentaenoic Acid (EPA) (C20:5) Eicosatrienoic Acid (C20:3 n3) Eicosenoic Acid (C20:1) Erucic Acid (C22:1) Gamma-linolenic Acid (GLA) (C18:3 n6) Heneicosanoic Acid (C21:0) Heptadecanoic Acid (C17:0) Heptadecenoic Acid (C17:1) Lignoceric Acid (C24:0) Linoelaidic Acid (C18:2 trans) Linoleic Acid (C18:2 cis) Myristic Acid (C14:0) Myristoleic Acid (C14:1) Nervonic Acid (C24:1) Octadecenoic Acid (C18:1 trans) Oleic Acid (C18:1) Omega-3 Fatty Acids Omega-6 Fatty Acids Palmitic Acid (C16:0) Palmitoleic Acid (C16:1) Pentadecanoic Acid (C15:0) Pentadecenoic Acid (C15:1) Stearic Acid (C18:0) Total Fat Total Monounsaturated Fatty Acids Total Polyunsaturated Fatty Acids Total Saturated Fatty Acids Total Trans Fatty Acids Tricosanoic Acid (C23:0) Tridecanoic Acid (C13:0)
Fatty Acid Profile (As Ethyl Esters)	Phytochemical, Vitamin, and Actives	5-7 days	50	Nutritional profile assay that characterizes the fatty acid composition by converting lipids into fatty acid methyl esters (FAMEs) and analyzing them via gas chromatography. It provides a detailed breakdown of saturates, monounsaturates, polyunsaturates, and trans fats for accurate nutritional labeling and quality control.	Lipids are extracted from the sample and converted into FAMEs via acid or base-catalyzed esterification. The resulting FAMEs are analyzed using gas chromatography with a flame ionization detector. Retention times and peak areas are compared to known standards, with duplicate runs and internal standards ensuring accuracy.	Results are reported as percentage composition of individual fatty acids relative to total fat. These percentages help assess nutritional quality, verify authenticity, and support compliance with labeling claims.	42	Alpha-linolenic Acid (ALA) Ethyl Ester (C18:3 n3) Arachidic Acid Ethyl Ester (C20:0) Arachidonic Acid (ARA) Ethyl Ester (C20:4) Behenic Acid Ethyl Ester (C22:0) Butyric Acid Ethyl Ester (C4:0) Caproic Acid Ethyl Ester (C6:0) Caprylic Acid Ethyl Ester (C8:0) Decanoic Acid Ethyl Ester (C10:0) Dihomo-Gamma-Linolenic Acid (DGLA) Ethyl Ester (C20:3 n6) Docosadienoic Acid Ethyl Ester (C22:2) Docosahexaenoic Acid (DHA) Ethyl Ester (C22:6) Dodecanoic Acid Ethyl Ester (C12:0) Eicosadienoic Acid Ethyl Ester (C20:2) Eicosapentaenoic Acid (EPA) Ethyl Ester (C20:5) Eicosatrienoic Acid Ethyl Ester (C20:3 n3) Eicosenoic Acid Ethyl Ester (C20:1) Erucic Acid Ethyl Ester (C22:1) Gamma-linolenic Acid (GLA) Ethyl Ester (C18:3 n6) Heneicosanoic Acid Ethyl Ester (C21:0) Heptadecanoic Acid Ethyl Ester (C17:0) Heptadecenoic Acid Ethyl Ester (C17:1) Lignoceric Acid Ethyl Ester (C24:0) Linoelaidic Acid Ethyl Ester (C18:2 trans) Linoleic Acid Ethyl Ester (C18:2 cis) Myristic Acid Ethyl Ester (C14:0) Myristoleic Acid Ethyl Ester (C14:1) Nervonic Acid Ethyl Ester (C24:1) Octadecenoic Acid Ethyl Ester (C18:1 trans) Oleic Acid Ethyl Ester (C18:1) Omega-3 Fatty Acids Ethyl Esters Omega-6 Fatty Acids Ethyl Esters Palmitic Acid Ethyl Ester (C16:0) Palmitoleic Acid Ethyl Ester (C16:1) Pentadecanoic Acid Ethyl Ester (C15:0) Pentadecenoic Acid Ethyl Ester (C15:1) Stearic Acid Ethyl Ester (C18:0) Total Monounsaturated Fatty Acids Ethyl Esters Total Polyunsaturated Fatty Acids Ethyl Esters Total Saturated Fatty Acids Ethyl Esters Total Trans Fatty Acids Ethyl Esters Tricosanoic Acid Ethyl Ester (C23:0) Tridecanoic Acid Ethyl Ester (C13:0)
Fenugreek (Trigonella foenum-graecum)	Preservatives and Additives	7-10 days	5	This assay quantifies bioactive compounds in fenugreek (Trigonella foenum-graecum) using LC-MS/MS, typically focusing on key steroidal saponins such as protodioscin and diosgenin. It verifies extract potency and standardization in supplements targeting testosterone support, blood sugar balance, and overall metabolic function.	Samples are extracted using alcohol-based solvents and analyzed by LC-MS/MS with compound-specific mass transitions. Quantification is performed using certified standards for fenugreek bioactives, with internal standard correction and duplicate injections to ensure accurate and reproducible results.	Results are reported in mg per g or per serving. Values are compared to standardization targets and label claims to confirm bioactive content and detect adulteration or low-quality material.		
Fish Allergen	Allergen	2 days	100	This assay uses polymerase chain reaction (PCR) to detect trace amounts of fish DNA in food samples. It targets specific genetic markers unique to fish, ensuring that even processed products can be screened for the presence of fish allergens. This is vital for verifying allergen-free claims and for identifying fish species in products where authenticity is questioned.	DNA is extracted from the food sample using protocols that minimize inhibitors. The extracted DNA is amplified using fish-specific primers in a PCR reaction. Amplification is confirmed by gel electrophoresis or real-time PCR analysis (yielding a Ct value), with positive and negative controls ensuring the reliability of the result.	Results are qualitative, typically reported as 'Detected' or 'Not Detected'. A positive result confirms the presence of fish DNA, indicating potential allergen contamination, while a negative result supports a fish-free claim. Even trace detection is significant for allergen management.	1	Fish Allergen
Fluoride	Elemental	11-13 days	10	This assay quantifies fluoride (F⁻), a naturally occurring mineral that may be added for dental health benefits or present as an environmental contaminant. Monitoring fluoride ensures products remain within safe and regulated limits.	Samples are analyzed for fluoride content using validated instrumentation and calibration standards. Quality controls confirm accuracy and reproducibility across matrices.	Results are reported in mg/L (water, beverages) or mg/kg (solids), with the option to convert to mg/serving for finished products. Testing verifies compliance with drinking water standards, confirms product labeling, and ensures consumer safety.	1	FLUORIDE
Foreign Matter	Stability	5 days	25	This analysis detects and quantifies foreign matter—such as stems, soil, stones, plastics, or other non-declared materials—in botanical, powdered, or granular ingredients. It ensures that plant-derived or food-grade materials meet pharmacopeial purity standards and are free from contamination or adulteration.	A representative sample is visually examined on a clean, flat surface under adequate lighting. Foreign matter is manually separated, weighed, and reported as a percentage of the total sample weight. The method typically follows USP <561>, EP 2.8.2, or equivalent quality standards for botanicals and herbal products.	Results are reported as % w/w (percent by weight). Acceptable limits vary by material but are often ≤2%. This test confirms material integrity and detects contamination that could compromise product safety or quality.	1	Foreign Matter
Formaldehyde	Contaminants	7-9 days	10	This assay quantifies formaldehyde (HCHO) using Gas Chromatography–Mass Spectrometry (GC-MS). The method provides high sensitivity and specificity for detecting formaldehyde in complex matrices and trace concentrations.	Samples are derivatized to stabilize formaldehyde before injection into the GC-MS system. The derivatized compound is separated chromatographically and detected by mass spectrometry. Calibration with certified reference materials and internal standards ensures accuracy and precision.	Results are reported in mg/kg (solids) or mg/L (liquids). Testing verifies that formaldehyde levels meet global safety standards, identifies contamination or preservative residues, and supports product integrity and regulatory compliance.	1	Formaldehyde
Free Fatty Acid		7-10 days	10	This test determines the concentration of free fatty acids (FFA) in oils, fats, lipid-containing raw materials, and finished products. FFA are released when triglycerides break down through hydrolysis, making elevated levels a useful indicator of ingredient degradation, poor storage conditions, moisture exposure, or inadequate processing control. Results are typically reported as % FFA, commonly expressed as an equivalent of a specified reference fatty acid such as oleic acid.		FFA testing provides a practical measure of hydrolytic rancidity and overall lipid quality. Monitoring FFA supports supplier qualification, incoming-material acceptance, shelf-life evaluation, and investigation of off-odor, off-flavor, or product-stability concerns. The result should be interpreted alongside complementary oxidation tests, such as peroxide value, anisidine value, and TOTOX, where applicable.	1	Free Fatty Acid
Fructans	Phytochemical, Vitamin, and Actives	11-13 days	20	This assay measures fructans, including inulin-type oligosaccharides, using High-Performance Liquid Chromatography with Refractive Index detection (HPLC-RI). The method provides accurate quantification of fructan polymers across raw materials and finished products.	Samples are extracted and analyzed under validated HPLC-RI chromatographic conditions. Fructan fractions are separated based on molecular size and quantified against certified reference standards. Calibration curves and replicate injections ensure accuracy and reproducibility.	Testing verifies fiber content claims, supports prebiotic labeling, and ensures batch-to-batch consistency.	1	Fructans
Gamma-Aminobutyric acid (GABA)	Phytochemical, Vitamin, and Actives	7-10 days	5	This assay quantifies gamma-aminobutyric acid (GABA), a naturally occurring inhibitory neurotransmitter used in calming, sleep, and mood-support supplements. Using LC-MS/MS, it verifies GABA content in capsules, powders, and functional beverages to confirm label claims and ensure consistent therapeutic dosing.	Samples are extracted using aqueous or acidified solvents and analyzed by LC-MS/MS with compound-specific mass transitions. Quantification is performed using certified GABA standards with internal standard correction and duplicate injections to ensure precision and reproducibility.	Results are reported in mg per g or per serving. Values are compared to formulation targets and declared label claims to confirm active content and detect degradation or underformulation.	1	Gamma-Aminobutyric acid (GABA)
Gingerol and Shogaol Panel	Phytochemical, Vitamin, and Actives	7-10 days	10	This panel quantifies major bioactive compounds in ginger, including gingerols and shogaols. Using HPLC, it measures six key analytes—6-gingerol, 8-gingerol, 10-gingerol, 6-shogaol, 8-shogaol, and 10-shogaol—to verify potency, support standardization, and ensure label accuracy in functional foods, extracts, and digestive supplements.	Samples are extracted using alcohol-based solvents under light- and heat-controlled conditions. The extract is analyzed by HPLC with UV detection at compound-specific wavelengths. Quantification is performed using certified standards for each gingerol and shogaol, with internal standard correction and duplicate injections to ensure accuracy.	Results are reported in mg per g or per serving for each compound. Values are compared to formulation targets and label claims to confirm active content, assess extract quality, and detect degradation due to heat or improper storage.	2	Total Gingerols Total Shogaols
Gingerol Panel	Phytochemical, Vitamin, and Actives	7-10 days	10	This panel quantifies the primary gingerol compounds found in ginger root: 6-gingerol, 8-gingerol, and 10-gingerol. Using HPLC, it measures each compound individually and calculates total gingerols to support standardization in functional foods, herbal extracts, and digestive health supplements.	Samples are extracted with alcohol-based solvents under temperature- and light-controlled conditions. The extract is analyzed by HPLC with UV detection at a compound-specific wavelength. Quantification is performed using certified gingerol standards, with internal standard correction and duplicate injections for precision.	Results are reported in mg per g or per serving for each compound and total gingerols. Values are compared to formulation targets and label claims to verify potency, support consistency, and detect degradation or variability in botanical source material.	1	Gingerol Panel
Ginger Root ID	Phytochemical, Vitamin, and Actives	11-13 days	10	This test confirms the botanical identity of ginger (Zingiber officinale) in raw materials and finished products using High-Performance Thin-Layer Chromatography (HPTLC). HPTLC produces a characteristic chromatographic fingerprint based on ginger's bioactive gingerol and shogaol compounds, which is compared against a certified Zingiber officinale reference standard to confirm species authenticity and detect substitution or adulteration. Results are reported as confirmed identity or non-conforming.	A representative sample is extracted using methanol or ethanol and applied alongside a certified ginger reference standard onto an HPTLC silica gel plate using an automated applicator. The plate is developed in a validated solvent system, dried, and derivatized with a detection reagent such as anisaldehyde-sulfuric acid or vanillin-sulfuric acid to visualize the characteristic gingerol and shogaol marker bands. The resulting fingerprint is compared visually and by densitometric scanning to the reference standard pattern. Identity is confirmed when the sample fingerprint matches the reference in terms of Rf values, band positions, and color profile, per established HPTLC botanical identity methods.	Ginger is a high-volume botanical ingredient subject to adulteration with related Zingiberaceae species or dilution with non-botanical fillers. HPTLC identity testing provides a rapid, cost-effective, and scientifically defensible confirmation of botanical species, supporting supplier qualification, label accuracy, and compliance with cGMP identity testing requirements under 21 CFR 111.		
Ginsenoside Panel (8)	Phytochemical, Vitamin, and Actives	7-10 days	5	This assay quantifies eight major ginsenosides — the primary bioactive saponins responsible for the adaptogenic, cognitive, and immune-supporting properties attributed to ginseng — using liquid chromatography with tandem mass spectrometry (LC-MS/MS). Ginsenosides are dammarane-type triterpene saponins found in the roots, stems, and leaves of Panax ginseng and related species such as Panax quinquefolius (American ginseng), and their relative proportions vary meaningfully by species, growing region, and root age, making ingredient-level verification important for accurate label claims. Results are reported in mg/g for each of the eight target ginsenosides.	A representative sample is weighed and extracted with an aqueous methanol or ethanol solvent system, typically with sonication or reflux, to solubilize the polar ginsenoside saponins. The extract is cleaned up and separated by reversed-phase liquid chromatography, then detected by tandem mass spectrometry using compound-specific multiple reaction monitoring (MRM) transitions for each of the eight target ginsenosides. Analyte concentrations are calculated against calibration curves built from certified reference standards, with system suitability checks, replicate injections, and spike-recovery QC confirming method accuracy.	Ginsenosides share a common dammarane triterpene backbone and differ only in subtle sugar-group substitutions, making them difficult to resolve from one another and easy to obscure through dilution with lower-value ginseng extracts or fillers. LC-MS/MS provides the chromatographic separation and mass-based selectivity needed to accurately identify and quantify each ginsenoside individually, supporting label-claim substantiation under 21 CFR 111 dietary supplement cGMP requirements.		
Ginsenoside Total Panel	Phytochemical, Vitamin, and Actives	7-10 days	10	This panel quantitatively analyzes eight major ginsenosides—Rb1, Rb2, Rc, Rd, Re, Rf, Rg1, and Rg2—in Panax ginseng extracts, powders, and supplements. Using LC‑MS/MS, it provides detailed profiling for quality control, authenticity verification, and label compliance in adaptogenic and longevity-focused formulations.	Samples are extracted using methanol–water solvent under controlled conditions. The extract is analyzed by LC‑MS/MS with multiple reaction monitoring (MRM) transitions optimized for each ginsenoside. Quantification uses certified reference standards and internal standard correction, with duplicate injections ensuring precision. Calibration spans ~0.5–200 ng/mL for each analyte	Results are reported in mg per g or per serving for each compound and total ginsenosides. Values are compared to botanical standardization targets and label claims to confirm extract potency, detect adulteration, and ensure consistency across batches.	1	Ginsenoside Total Panel
Glucosamine	Phytochemical, Vitamin, and Actives	7-10 days	5	This assay quantifies glucosamine, a key structural compound used in joint support supplements, typically in the form of glucosamine sulfate or glucosamine HCl. Using LC-MS/MS, it confirms active content in capsules, tablets, and powders to support label accuracy and formulation consistency.	Samples are extracted in aqueous solution and analyzed by LC-MS/MS using compound-specific mass transitions. Quantification is performed using certified glucosamine standards, with internal standard correction and duplicate injections to ensure precision.	Results are reported in mg per g or per serving. Values are compared to label claims and formulation targets to confirm proper dosing and detect possible degradation or underformulation.	1	Glucosamine
Glutathione (reduced)	Phytochemical, Vitamin, and Actives	7-10 days	5	This assay quantifies reduced glutathione (GSH), the bioactive form of glutathione, in oral supplements including standard capsules, powders, and liposomal products. Using HPLC, it verifies glutathione potency and ensures that the compound is present in its reduced, effective form—critical for products marketed for detoxification, oxidative stress, and skin health.	Samples are extracted under light- and oxygen-protected conditions to prevent oxidation. The extract is analyzed by HPLC with detection at a compound-specific wavelength. Quantification is performed using high-purity reduced glutathione standards, with internal standard correction and duplicate injections to ensure accuracy.	Results are reported in mg per g or per serving. Values are compared with formulation targets and label claims. Testing confirms glutathione stability and bioactive content, and helps validate antioxidant and detox claims while detecting potential degradation or oxidation over time.	1	Glutathione (reduced)
Gluten Allergen	Allergen	2 days	5	This assay detects gluten proteins derived from wheat, barley, or rye in food products. It is critical for confirming that products labeled as gluten-free contain only trace levels of gluten. The method is designed to work with processed foods, ensuring that denatured gluten proteins are still detectable.	Samples are extracted with a specialized buffer that releases gluten proteins from the matrix. The extract is added to ELISA plates coated with antibodies against gluten epitopes. Following incubation and washing, a secondary enzyme-linked antibody is added and a color reaction is developed. Absorbance readings are compared to a standard curve, with duplicate analyses and controls ensuring consistency.	Gluten content is reported in ppm. Values below the established threshold (commonly 20 ppm) confirm gluten-free status, while any level above this may indicate contamination and require corrective measures. The results help verify allergen control and labeling accuracy.	1	Gluten
Glycerol (glycerin)	Preservatives and Additives	7-10 days	4	This test quantifies glycerol (glycerin) — a naturally occurring trihydroxy sugar alcohol used as a humectant, solvent, and functional ingredient in food, dietary supplement, and sports nutrition applications — in raw materials and finished products using Liquid Chromatography coupled with Tandem Mass Spectrometry (LC-MS/MS). Glycerol is increasingly used as a hyperhydration agent in endurance sports nutrition products, and accurate quantification is important for label claim verification and for confirming that the declared amount of this functional ingredient is present. LC-MS/MS provides the sensitivity and specificity needed to quantify glycerol accurately in complex matrices where other polyols and carbohydrates may be present. Results are reported as a percentage or in milligrams per gram or per serving.	A representative sample is accurately weighed and dissolved in an appropriate aqueous solvent. An isotopically labeled internal standard (e.g., ¹³C-labeled glycerol) is added prior to sample preparation to correct for matrix effects and recovery variability. The extract is filtered and analyzed by reversed-phase or HILIC LC-MS/MS, with detection by electrospray ionization (ESI) in positive or negative ion mode using multiple reaction monitoring (MRM) transitions specific to glycerol. Quantification is performed against a multi-point external calibration curve prepared from a certified glycerol reference standard. Quality control samples at multiple concentration levels are run concurrently to confirm method accuracy, precision, and linearity throughout the analytical run.	Glycerol is a small, highly polar molecule that presents chromatographic challenges for standard reversed-phase HPLC methods due to its poor retention on non-polar stationary phases. LC-MS/MS with MRM detection provides the compound-specific selectivity and sensitivity needed to accurately quantify glycerol in complex food and supplement matrices without the need for derivatization, distinguishing it from co-occurring polyols such as sorbitol, mannitol, and propylene glycol. This level of analytical specificity supports label claim accuracy, raw material qualification, and cGMP compliance under 21 CFR 111.	1	Glycerol (glycerin)
Glyphosate & AMPA	Contaminants	5-7 days	20	This assay detects and quantifies glyphosate and its metabolite AMPA in food products. These compounds are herbicide residues that may result from agricultural practices. The method uses LC‑MS/MS to achieve high sensitivity in complex matrices, ensuring that even low levels are accurately measured.	Samples are prepared using an extraction method optimized for glyphosate and AMPA, often involving acid digestion. The extract is cleaned up using solid-phase extraction and analyzed by LC‑MS/MS, where separation and detection are based on specific mass transitions. Calibration with standards and rigorous QC steps ensure accurate and reproducible measurements.	Results are reported in ppb. Lower levels indicate minimal residue presence, while higher levels may necessitate further investigation or process changes. The quantitative data support risk assessments and help ensure that products remain within safe residue limits.	2	AMPA Glyphosate
Grape seed (Vitis vinifera)	Phytochemical, Vitamin, and Actives	11-13 days	5	This assay measures characteristic grape seed marker compounds using Liquid Chromatography–Tandem Mass Spectrometry (LC-MS/MS). Analysis typically targets proanthocyanidins (OPCs) and related polyphenols to confirm ingredient identity and standardized active content.	Samples are extracted and analyzed under validated LC-MS/MS chromatographic conditions. Target grape seed markers are detected using multiple reaction monitoring (MRM) and quantified against certified reference standards. Internal calibration and quality control checks ensure accuracy and reproducibility.	Testing verifies authenticity, supports label claims (e.g., OPC content), and ensures batch-to-batch consistency in grape seed–based formulations.		
Green tea (Camellia sinensis)	Phytochemical, Vitamin, and Actives	8-10 days	5	This assay measures characteristic green tea marker compounds using Liquid Chromatography–Tandem Mass Spectrometry (LC-MS/MS). Analysis typically targets catechins and related polyphenols to confirm ingredient identity and standardized active content.	Samples are extracted and analyzed under validated LC-MS/MS chromatographic conditions. Target green tea markers are detected using multiple reaction monitoring (MRM) and quantified against certified reference standards. Internal calibration and quality controls ensure accuracy and reproducibility.	Testing verifies authenticity, supports label claims, and ensures batch-to-batch consistency in green tea–based formulations.		
Hardness	Contaminants	10-12 days	250	This assay determines total hardness, which reflects the combined concentration of calcium and magnesium salts in a sample. Hardness impacts taste, stability, and suitability for use in formulations or as process water.	Samples are analyzed for calcium and magnesium content, and results are expressed as total hardness. Quality controls and reference standards are used to confirm accuracy and reproducibility.	Results are typically reported in mg/L as calcium carbonate (CaCO₃). Monitoring hardness ensures compliance with water quality standards, protects equipment from scaling, and maintains consistent product quality.		
Hazelnut Allergen	Allergen	2 days	5	This assay detects and quantifies hazelnut protein using a validated ELISA (Enzyme-Linked Immunosorbent Assay). It confirms the presence or absence of hazelnut contamination in raw materials, finished products, and manufacturing environments, ensuring compliance with allergen labeling regulations and protecting consumers with tree nut allergies.	Samples are extracted and tested using a hazelnut-specific sandwich ELISA. The method uses antibody-based detection with colorimetric readout and compares results against a calibrated standard curve. Duplicate wells and positive/negative controls ensure accuracy and reproducibility.	Results are reported in ppm (mg/kg) of hazelnut protein. The method can detect trace levels, typically down to 1–5 ppm depending on the matrix, making it suitable for verifying “nut-free” claims or identifying cross-contact.	1	Hazelnut Allergen
Headspace O2 + CO2	Stability	7-10 days		This assay quantifies residual oxygen and carbon dioxide in the headspace of packaged products. O₂ and CO₂ levels provide critical information about product freshness, microbial stability, and packaging effectiveness.	Packaged samples are analyzed for headspace gas composition under controlled conditions. Oxygen and carbon dioxide concentrations are measured directly using validated gas analysis instrumentation.	Results are reported in % O₂ and % CO₂ by volume. Monitoring headspace gases ensures packaging performance, confirms modified atmosphere or nitrogen flushing effectiveness, and helps predict shelf-life stability.	3	Headspace Gas Quantek Instruments Model 902D Balance (HG Bal) Headspace Gas Quantek Instruments Model 902D Carbon dioxide (HG CO2) Headspace Gas Quantek Instruments Model 902D Oxygen (HG O2)
Heavy Metals	Contaminants	3 days	10	This assay quantifies heavy metals—such as lead, mercury, cadmium, and arsenic—in food samples. It is designed to deliver precise measurements of these contaminants, which are monitored due to their potential toxicity. The robust method employs advanced instrumentation to detect trace levels in complex matrices.	Food samples undergo acid digestion to break down the matrix and release bound metals. The resulting solution is analyzed by an instrument (commonly ICP-MS) that separates and quantifies the metals based on their mass. Calibration with certified reference materials and inclusion of quality control samples ensure accuracy before final reporting.	Results are delivered as concentration values (ppb). Lower values are preferred, and any significant increase may prompt further investigation. The data allow manufacturers to assess overall product safety and track contaminant trends across batches.	4	Arsenic Cadmium Lead Mercury
Hesperidin	Phytochemical, Vitamin, and Actives	7-10 days	5	This test quantifies hesperidin, a flavanone glycoside and the predominant bioactive polyphenol found in citrus peel and citrus-derived extracts, in dietary supplements and raw materials using High-Performance Liquid Chromatography with UV detection (HPLC-UV). Hesperidin is widely used in supplements for its studied effects on vascular integrity, circulation, and antioxidant activity, and its concentration serves as the primary potency and standardization marker for citrus bioflavonoid ingredients. Results are reported in mg per serving or as a percentage of extract weight to support label claim verification and cGMP compliance.	A representative sample is weighed and extracted using a methanol or ethanol-water solvent system with sonication or heating to ensure complete solubilization of hesperidin from the matrix. The extract is filtered, diluted to volume, and injected onto a reversed-phase C18 HPLC column. Detection is performed by UV at approximately 280–284 nm, and quantification is performed against a multi-point external calibration curve prepared from a certified hesperidin reference standard. System suitability and QC samples are run concurrently to confirm method accuracy and reproducibility across the analytical run.	Hesperidin is the primary bioactive marker used to define the potency of citrus bioflavonoid extracts, and accurate quantification is essential for verifying standardization levels and substantiating label claims. HPLC-UV provides the selectivity needed to resolve hesperidin from structurally related flavonoids — including narirutin, naringenin, and diosmin — that are commonly co-present in citrus extracts, ensuring reliable potency data for both raw material qualification and finished product release testing.	1	Hesperidin
Huperzine A	Phytochemical, Vitamin, and Actives	7-10 days	5	This test quantifies Huperzine A, a bioactive alkaloid, in raw materials, capsules, and finished products using High-Performance Liquid Chromatography (HPLC). Accurate measurement of Huperzine A ensures product quality and label accuracy. The method achieves detection limits suitable for trace-level quantification, typically reported in mg/g or ppm.	Samples are prepared by solvent extraction using methanol to isolate Huperzine A from the matrix. The extract is filtered and injected into an HPLC system equipped with a reversed-phase C18 column. Detection is performed using UV absorbance at 310 nm, where Huperzine A exhibits strong absorption. Quantification is achieved by comparing peak areas to a calibration curve constructed from certified Huperzine A reference standards. Method accuracy is verified through duplicate injections, spiked recovery tests, and inclusion of quality control samples.	Results are reported in µg/g (raw material) or µg/serving (finished products). Testing verifies standardized potency, ensures raw material authenticity, and supports product quality and consistency.	1	Huperzine A
Hyaluronic acid (sodium hyaluronate)	Phytochemical, Vitamin, and Actives	7-9 days	10	This assay quantifies hyaluronic acid (HA), a polysaccharide naturally present in connective tissues and widely used for hydration, elasticity, and joint health applications. Testing ensures ingredient authenticity and confirms standardized HA content in raw materials and finished products.	Samples are analyzed under validated laboratory conditions to determine total hyaluronic acid concentration. Certified reference materials and quality controls are used to ensure accurate and reproducible results.	Results are reported in mg/g (raw materials) or mg/serving (finished products). Testing verifies label claims, supports product consistency, and confirms the purity and potency of sodium hyaluronate-containing formulations.	1	Hyaluronic acid (sodium hyaluronate)
Hydroxyproline (Collagen Conversion)	Phytochemical, Vitamin, and Actives	5-7 days	100	This assay quantifies hydroxyproline, a specific amino acid used as a marker for collagen content in food or tissue samples. Collagen plays a key role in the texture and nutritional profile of products like gelatin and meat, making its measurement vital for quality control and formulation verification.	Samples are hydrolyzed under controlled conditions to release hydroxyproline from collagen. The hydrolysate is filtered and injected into an HPLC system, where hydroxyproline is separated and detected (often via UV). Calibration with known standards and duplicate injections ensure that the method yields accurate and reproducible results.	Results are expressed in mg per unit weight. Higher hydroxyproline content indicates greater collagen presence, aligning with expected levels in products designed to be rich in collagen. Deviations can signal issues in raw material quality or processing efficiency.	1	Hydroxyproline
IgA	Phytochemical, Vitamin, and Actives	9-11 days	10	This assay quantifies immunoglobulin A (IgA) using an ELISA specific for bovine or human IgA. It is commonly used in colostrum, dairy proteins, and immunonutrition products.	Samples are extracted and analyzed using a sandwich ELISA with IgA-specific antibodies. Results are determined against a certified standard curve with internal controls.	Results are reported in mg/g or mg per serving. Used to validate immune-related label claims and ingredient potency.	1	IgA
IgG	Phytochemical, Vitamin, and Actives	7-9 days	10	This assay quantifies Immunoglobulin G (IgG), the most abundant antibody isotype, in colostrum powders, bovine plasma fractions, and immunonutrition products. Using HPLC, it verifies IgG concentration to ensure potency, standardization, and compliance with label claims for immune health products.	Samples are prepared in buffered aqueous solution and analyzed by HPLC using size-exclusion or affinity chromatography, with UV detection at a protein-specific wavelength. Quantification is performed using certified IgG reference standards, with internal standard correction and duplicate injections for precision.	Results are reported in mg per g or per serving. Values are compared to specification targets and label claims to confirm IgG content, detect dilution, and ensure immunological activity across batches.	1	IgG
IgG (ELISA Method)	Allergen	14-17 days	10	This test quantifies Immunoglobulin G (IgG) — the most abundant immunoglobulin class in bovine colostrum, whey protein fractions, and immunoglobulin concentrate ingredients — in raw materials and dietary supplements using Enzyme-Linked Immunosorbent Assay (ELISA). IgG is the primary bioactive marker used to standardize bovine colostrum and immunoglobulin-enriched dairy ingredients, and its concentration is directly associated with the immune-supporting activity of these products. Accurate IgG quantification is essential for verifying the potency of colostrum and immunoglobulin concentrate raw materials, confirming label claims, and ensuring batch-to-batch consistency of these high-value immune nutrition ingredients. Results are reported in milligrams per gram or as a percentage of total protein.	A representative sample is accurately weighed and dissolved or diluted in an appropriate assay buffer. The quantification of IgG is performed using a validated sandwich ELISA format: a microplate is coated with a capture antibody specific to bovine IgG, followed by incubation with diluted sample and reference standards. After washing to remove unbound proteins, a species- and isotype-specific enzyme-conjugated detection antibody (e.g., anti-bovine IgG horseradish peroxidase conjugate) is added, followed by a chromogenic substrate (e.g., TMB). Quantification is performed against a multi-point calibration curve prepared from a certified bovine IgG reference standard. Samples are analyzed in duplicate or triplicate, and results are calculated from the mean absorbance values.	ELISA is the method of choice for IgG quantification in colostrum and immunoglobulin-enriched dairy matrices due to its high specificity for the target immunoglobulin isotype, sensitivity at the low concentrations relevant to finished supplement products, and ability to distinguish IgG from other immunoglobulin classes (IgA, IgM) and co-occurring dairy proteins. Unlike total protein assays, ELISA provides a direct, antibody-mediated measurement of IgG specifically, ensuring that potency results reflect the immunologically active fraction rather than total protein content. This supports label claim substantiation, raw material qualification, and cGMP compliance under 21 CFR 111.	1	IgG
IgG, IgA, IgM, β-lactoglobulin, α-lactalbumin, Lactoferrin, and Serum Albumin	Phytochemical, Vitamin, and Actives	11-18 days	50				7	a-lactalbumin B-lactoglobulin Bovine Serum Albumin (BSA) IgA IgG IgM Lactoferrin
IgM	Phytochemical, Vitamin, and Actives	9-11 days	10	This test measures the concentration of immunoglobulin M (IgM), an important immune system protein, in dairy products and functional powders using a specific ELISA method. Accurate quantification of IgM helps ensure product quality and bioactivity. The assay provides results in micrograms per milliliter (µg/mL) with a detection limit suitable for low-level IgM detection in complex matrices.	Samples are prepared by extracting IgM into a buffered solution optimized for protein stability. The extract is analyzed using a sandwich ELISA, where monoclonal antibodies specific to IgM capture and detect the protein. Colorimetric detection is performed at 450 nm, and quantification is achieved via a calibration curve generated from known IgM standards. Each run includes duplicate sample measurements, quality control samples, and spike recovery tests to validate accuracy and precision.	Results are reported in mg/g or per serving. This confirms the presence of immune-active fractions in colostrum and dairy products.	1	IgM
Inorganic Arsenic	Elemental	5-7 days	10	This assay quantifies inorganic arsenic, a toxic heavy metal that can contaminate food through water, soil, or processing. Chronic exposure is linked to serious health effects. The assay uses ICP-MS to differentiate inorganic arsenic from total arsenic, ensuring precise monitoring. The validated method includes digestion and selective extraction to isolate inorganic species from complex matrices such as grains, seaweed, or juices.	Samples are digested with acid and subjected to a selective extraction process to isolate inorganic arsenic species. The extract is then analyzed using inductively coupled plasma mass spectrometry (ICP-MS), which provides high sensitivity and specificity. Certified reference materials and calibration standards are used to ensure accuracy, while internal standards and method blanks support quality control and reproducibility.	Results are reported in µg/kg (ppb). Lower values indicate minimal contamination, while elevated levels may trigger regulatory review or product reformulation. Results are compared against safety limits (e.g., FDA, EU, Codex). Batch-level trends or exceedances can highlight sourcing or processing issues that need correction.	1	Inorganic Arsenic
Inositol	Phytochemical, Vitamin, and Actives	7-10 days	5	This assay quantifies total inositol content—including the most bioactive isomer, myo-inositol—using LC-MS/MS. It is commonly used in supplements for hormonal health, fertility, and neurological support, and helps confirm potency in single-ingredient and blended formulations.	Samples are extracted in aqueous solution and analyzed by LC-MS/MS using compound-specific mass transitions. Quantification is performed with certified inositol standards, internal standard correction, and duplicate injections to ensure accurate, reproducible results.	Results are reported in mg per g or per serving. Values are compared to declared label claims and formulation targets to verify dosing accuracy and detect adulteration or degradation.	1	Inositol
Iodine	Elemental	7-10 days	5	This assay quantifies iodine content in food samples, which is crucial for nutritional labeling and ensuring adequate intake for thyroid health. The method converts iodine into a measurable form and uses ICPMS for sensitive detection across various food matrices.	Food samples are acid-digested to release iodine, which is sometimes chemically reduced to stabilize the analyte. The prepared solution is introduced into an ICPMS system, where iodine is detected based on its atomic mass. Calibration with iodine standards and internal quality controls ensure the measurement’s accuracy.	Results are provided in ppb. These values allow manufacturers to verify that iodine levels meet nutritional targets and formulation requirements. Consistency across batches indicates stable fortification practices.	1	Iodine
Irish Sea Moss ID by HPTLC	Phytochemical, Vitamin, and Actives	11-13 days	10	"This test confirms the identity of Irish sea moss (Chondrus crispus Stackhouse) in raw materials, dried thallus powders, extracts, and dietary supplements using High-Performance Thin-Layer Chromatography (HPTLC). Chondrus crispus, commonly known as Irish moss or carrageen moss, is a red macroalgae (Rhodophyta) native to the rocky Atlantic coastlines of Europe and North America, widely used in dietary supplements for its rich content of carrageenan-type sulfated polysaccharides, iodine, trace minerals, and bioactive pigments including phycoerythrin and carotenoids. HPTLC identity testing generates a characteristic chromatographic fingerprint that is compared against an authenticated C. crispus reference standard to confirm species identity and detect potential adulteration or substitution with other red algae species — particularly Eucheuma spp. and Kappaphycus spp., which are commonly sold as ""sea moss"" but are botanically and chemically distinct from authentic Chondrus crispus."	A representative sample is accurately weighed and extracted using an appropriate solvent system (e.g., methanol or aqueous ethanol) to capture the characteristic secondary metabolite and pigment profile of C. crispus, including phycoerythrin-derived chromophores, carotenoids, and phenolic compounds. The extract is applied alongside a certified C. crispus reference standard and, where applicable, potential adulterant extracts (e.g., Eucheuma cottonii, Kappaphycus alvarezii), onto an HPTLC silica gel plate using an automated sample applicator. The plate is developed in a validated solvent system optimized to resolve the characteristic marker compounds of C. crispus. After development, the plate is evaluated under white light and UV light at 254 nm and 366 nm, and may be further derivatized with an appropriate reagent for enhanced visualization of phenolic and pigment constituents. The resulting fingerprint pattern is compared visually and, where applicable, by densitometric analysis to the authenticated reference standard in accordance with established HPTLC identity testing guidelines.	The market for Irish sea moss supplements has grown rapidly, accompanied by widespread mislabeling and substitution of authentic Chondrus crispus with tropical red algae species — primarily Eucheuma and Kappaphycus species — that are botanically unrelated and differ significantly in their phytochemical composition, mineral content, and carrageenan type. HPTLC fingerprinting provides a holistic, multi-compound chromatographic identity confirmation that distinguishes authentic C. crispus from these common substitutes based on differences in their secondary metabolite and pigment profiles, enabling detection of adulteration that would not be apparent from visual inspection or mineral content testing alone. This method aligns with USP botanical identity testing guidelines and supports cGMP compliance under 21 CFR 111, ensuring that only correctly identified raw materials are used in finished products.		
Iron	Elemental	5-7 days	10	This assay measures iron (Fe) using Inductively Coupled Plasma Mass Spectrometry (ICP-MS). The method provides highly sensitive and accurate elemental quantification across diverse matrices.	Samples are digested and analyzed by ICP-MS under validated conditions. Iron is ionized in the plasma and detected by mass spectrometry. Calibration with certified reference standards and internal controls ensures accuracy and reproducibility.	Testing verifies label claims, confirms elemental purity, and supports consistent formulation and regulatory compliance.	1	Iron
Isothiocyanates	Phytochemical, Vitamin, and Actives	7-9 days	10	This panel measures total isothiocyanates using a cyclocondensation reaction followed by HPLC-UV detection. It is commonly used to assess bioactive compounds like sulforaphane in broccoli, kale, and other Brassica-based ingredients.	Samples are reacted with 1,2-benzenedithiol to form a measurable chromophore specific to isothiocyanate groups. The resulting derivative is separated and quantified using HPLC with UV detection. Certified standards and internal calibration curves are used, with duplicate runs to ensure precision.	Results are reported in µmol/g or mg per g. Values are compared to label claims or known reference ranges for Brassica extracts to confirm potency and ingredient quality.	1	Isothiocyanates
Lactase Enzyme Activity (ALU)	Phytochemical, Vitamin, and Actives	8-10 days	30	This assay quantifies lactase enzyme activity based on Acid Lactase Units (ALU), following the Food Chemicals Codex (FCC) method. It measures the ability of the lactase enzyme to hydrolyze lactose under acidic conditions, ensuring that products marketed for dairy digestion contain effective enzyme levels.	Samples are incubated with a lactose substrate at an acidic pH. The enzymatic reaction is monitored by measuring the amount of glucose released, which correlates with lactase activity. The method follows the FCC monograph for lactase (ALU definition). Duplicate runs and standard curves using reference enzyme preparations ensure precision and reproducibility.	Results are reported in ALU/g (Acid Lactase Units per gram). Values are assessed against label claims and formulation targets to confirm potency, detect degradation, and ensure consistency across production batches.	1	Lactase Enzyme Activity (ALU)
Lactic Acid Bacteria	Microbial	4 days	25	This assay quantifies total viable lactic acid bacteria (LAB) in supplements, functional foods, and fermented products. It is commonly used to verify probiotic content, assess fermentation performance, or monitor microbial composition in gut health formulations.	Samples are diluted and plated on selective media such as MRS agar, then incubated under anaerobic or microaerophilic conditions at controlled temperatures. Colonies characteristic of LAB are enumerated after incubation. Testing follows ISO or USP microbiological methods.	Results are reported in CFU/g or CFU/mL. Values are compared to formulation targets or probiotic label claims to confirm viability and consistency across production batches.	1	Lactic Acid Bacteria
Lactoferrin (Bioassay)	Phytochemical, Vitamin, and Actives	11-13 days	10	This assay measures lactoferrin concentration using an Enzyme-Linked Immunosorbent Assay (ELISA). The method provides high specificity and sensitivity for lactoferrin quantification across dairy-based and formulated supplement products.	Samples are diluted and incubated in microplate wells coated with lactoferrin-specific antibodies. Bound antigen is detected through enzyme-linked secondary antibodies, producing a colorimetric signal proportional to concentration. Quantification is performed against a standard curve generated from known lactoferrin concentrations.	Results are reported in µg/mL (liquids) or mg/g (solids). Testing verifies label claims, confirms ingredient purity, and supports consistency in milk-derived and nutritional formulations.	1	Lactoferrin (Bioassay)
Lactoperoxidase (LPO)	Phytochemical, Vitamin, and Actives	8-10 days	10	This assay quantifies lactoperoxidase (LPO), a naturally occurring antimicrobial enzyme found in bovine colostrum and dairy-based ingredients. Using a validated colorimetric method, it measures LPO activity to confirm bioactive content and support immune-related and oral health claims.	Samples are extracted in aqueous buffer, and enzyme activity is measured by monitoring the oxidation of a chromogenic substrate (e.g., ABTS or TMB) in the presence of hydrogen peroxide and thiocyanate. Absorbance is read spectrophotometrically and compared to an LPO activity standard curve.	Results are typically reported in units of activity per gram (U/g). Values are compared to specification targets and used to confirm ingredient identity, potency, and consistency in LPO-containing products.	1	Lactoperoxidase (LPO)
Lactose	Phytochemical, Vitamin, and Actives	7-10 days	5	This assay quantifies lactose, the disaccharide sugar found in milk and dairy-derived ingredients. Using LC-MS/MS, it measures lactose content in raw materials and finished products to verify nutrition label accuracy, confirm lactose levels in dairy formulations, and support “lactose-free” or “low-lactose” claims.	Samples are extracted in aqueous solution, then analyzed by LC-MS/MS using compound-specific mass transitions. Quantification is performed using certified lactose standards, with internal standard correction and duplicate injections to ensure sensitivity, reproducibility, and accuracy.	Results are reported in g per 100 g, g per 100 mL, or per serving. Values are compared with label claims and formulation targets to confirm compliance, detect undeclared lactose, and ensure consumer safety for sensitive populations.	1	Lactose
Lactospore	Microbial	10-12 days	30	This assay enumerates viable Bacillus coagulans spores in probiotic raw materials and finished products following Method J.4.0002. Results confirm probiotic strength and validate label claims for CFU content.	Samples are prepared, serially diluted, and plated onto selective agar media under specified growth conditions. Colony-forming units (CFUs) are counted after incubation. Method J.4.0002 defines standardized conditions for recovery, ensuring reliable and reproducible results.	Results are reported in CFU/g (raw materials) or CFU/serving (finished products). Testing confirms probiotic viability, verifies stability over shelf life, and ensures compliance with label claims.		
L-Arginine	Phytochemical, Vitamin, and Actives	7-10 days	5	This assay quantifies L-arginine, a conditionally essential amino acid involved in nitric oxide synthesis and cardiovascular support. Using LC-MS/MS, it verifies L-arginine content in dietary supplements, functional beverages, and sports nutrition products to confirm label claims and ensure potency.	Samples are extracted in aqueous solution and analyzed by LC-MS/MS using compound-specific mass transitions. Quantification is performed with certified L-arginine standards, applying internal standard correction and duplicate injections for precision and reproducibility.	Results are reported in mg per g or per serving. Values are compared to formulation targets and declared label claims to confirm dosing accuracy and detect any degradation or underformulation.	1	L-Arginine
L-Arginine Alpha Ketoglutarate	Phytochemical, Vitamin, and Actives	7-10 days	5	This assay measures L-Arginine Alpha-Ketoglutarate (AAKG), a salt formed from L-arginine and alpha-ketoglutaric acid, using Liquid Chromatography–Tandem Mass Spectrometry (LC-MS/MS). The method provides high specificity and sensitivity for both components in complex pre-workout and amino acid formulations.	Samples are extracted and analyzed under validated LC-MS/MS chromatographic conditions. AAKG is quantified by detecting the arginine and α-ketoglutarate moieties in multiple reaction monitoring (MRM) mode and calculating total AAKG content against certified reference standards. Internal calibration and quality controls ensure accurate and reproducible results.	Testing verifies label claims, supports formulation consistency, and ensures potency in nitric oxide–boosting and performance-focused products.	1	Calcium Alpha-Ketoglutarate
L-Carnitine L-Tartrate	Phytochemical, Vitamin, and Actives	7-10 days	5	This assay measures L-Carnitine L-Tartrate (LCLT), a stabilized and highly bioavailable form of L-carnitine, using Liquid Chromatography–Tandem Mass Spectrometry (LC-MS/MS). The method provides highly selective and sensitive quantification across raw materials and finished products.	Samples are extracted and analyzed under validated LC-MS/MS chromatographic conditions. L-carnitine is detected via multiple reaction monitoring (MRM) and quantified against certified reference standards. Internal calibration and quality control checks ensure accurate and reproducible results.	Testing confirms label claims, verifies raw material purity, and supports consistency across carnitine-based performance formulations.	1	L-Carnitine L-Tartrate
L-Citrulline	Phytochemical, Vitamin, and Actives	7-10 days	5	This assay quantifies L-citrulline, a conditionally essential amino acid commonly used in pre-workouts and cardiovascular supplements for its role in nitric oxide production. Using HPLC, it verifies the potency of citrulline in finished products and detects degradation or substitution over time.	Samples are extracted in aqueous solution and filtered before analysis. The extract is analyzed by HPLC with detection at a compound-specific wavelength. Quantification is performed using certified L-citrulline standards, with internal standard correction and duplicate runs to ensure accuracy.	Results are reported in mg per g or per serving. Values are compared with label claims and formulation targets. Testing confirms the active dose and verifies product stability throughout shelf life.	1	L-Citrulline
L-Citrulline Malate	Phytochemical, Vitamin, and Actives	7-10 days	5	This assay measures L-Citrulline Malate using Liquid Chromatography–Tandem Mass Spectrometry (LC-MS/MS). The method provides highly selective and sensitive quantification of the citrulline component while accounting for its malate salt form in complex sports-nutrition formulations.	Samples are extracted and analyzed under validated LC-MS/MS chromatographic conditions. L-Citrulline is detected in multiple reaction monitoring (MRM) mode and quantified against certified reference standards. Internal calibration and QC checks ensure accuracy, precision, and reproducibility across matrices.	Testing verifies label claims, ensures purity, and confirms consistent potency in citrulline-based performance supplements.	1	L-Citrulline Malate
L-Ergothioneine	Phytochemical, Vitamin, and Actives	7-10 days	5	This test quantifies L-ergothioneine, a naturally occurring thiohistidine betaine amino acid found at high concentrations in mushrooms and certain other fungi, in dietary supplements and raw materials using High-Performance Liquid Chromatography with UV detection (HPLC-UV). L-ergothioneine has attracted significant research interest for its potent antioxidant properties, cellular protective effects, and its designation by some researchers as a potential longevity vitamin. Results are reported in mg per serving or mg per gram to support label claim verification and cGMP compliance.	A representative sample is weighed and extracted using an aqueous acidic solvent or methanol-water solvent system with sonication to ensure complete solubilization of L-ergothioneine from the matrix. The extract is filtered, diluted to volume, and injected onto a reversed-phase C18 HPLC column. Detection is performed by UV at approximately 254 nm, utilizing the characteristic UV absorbance of the thiohistidine chromophore. Quantification is performed against a multi-point external calibration curve prepared from a certified L-ergothioneine reference standard, with system suitability and QC samples run concurrently to confirm method accuracy and reproducibility.	L-ergothioneine is an emerging premium ingredient in the supplement market, and accurate quantification is essential for verifying the potency of mushroom-derived extracts and standardized ergothioneine ingredients. HPLC-UV at 254 nm provides adequate selectivity for ergothioneine in most supplement matrices; however, for complex or low-concentration samples, LC-MS/MS may be considered as a confirmatory approach to resolve any co-eluting matrix interferences and ensure label claim accuracy.	1	L-Ergothioneine
L-Glutamine	Phytochemical, Vitamin, and Actives	7-10 days	5	This assay quantifies L-glutamine, a conditionally essential amino acid critical for recovery and intestinal barrier support. Using LC-MS/MS, it measures glutamine content in raw materials and finished products to verify potency, ensure label accuracy, and confirm consistency across batches.	Samples are extracted in aqueous solution and analyzed by LC-MS/MS with compound-specific mass transitions. Quantification is performed using certified L-glutamine standards, with internal standard correction and duplicate injections to ensure reproducibility and sensitivity.	Results are reported in mg per g or per serving. Values are compared to label claims and formulation targets to confirm potency, detect degradation, or identify underformulation.	1	L-Glutamine
L-Glutathione	Phytochemical, Vitamin, and Actives	7-10 days	5	This test measures the concentration of L-glutathione, a key antioxidant, in raw materials, capsules, powders, and finished products to ensure potency, purity, and label compliance. Using high-performance liquid chromatography (HPLC), the method accurately quantifies L-glutathione at low detection limits, supporting quality control in antioxidant and cellular support formulations.	Samples are prepared by extraction with an appropriate solvent to release L-glutathione from the matrix. The extract is then analyzed using HPLC equipped with UV or diode-array detection to separate L-glutathione from other thiol-containing compounds. Quantification is achieved by comparing sample peak areas to a calibration curve constructed from certified L-glutathione reference standards. Method accuracy and precision are confirmed through replicate injections, quality control samples, and spike recovery assessments.	Testing verifies label claims, confirms ingredient purity, and ensures batch-to-batch consistency in glutathione-containing products.	1	L-Glutathione
L-Glycine	Phytochemical, Vitamin, and Actives	7-10 days	5	This test quantifies L-Glycine, an important amino acid, in raw materials, powders, capsules, and finished products using Liquid Chromatography–Tandem Mass Spectrometry (LC-MS/MS). The method offers precise and sensitive measurement down to low microgram per gram levels, ensuring product quality and compliance with formulation specifications.	Samples are extracted with an aqueous solvent and filtered prior to analysis. L-Glycine is separated by liquid chromatography and detected using tandem mass spectrometry in multiple reaction monitoring (MRM) mode targeting specific glycine transitions. Quantification is performed using a calibration curve constructed from certified reference standards. Method accuracy and precision are verified through duplicate injections and recovery assessment of spiked samples.	Results are reported in mg/g (raw material) or mg/serving (finished product). Testing confirms label accuracy, ensures consistent potency, and verifies raw material purity.	1	Glycine
L-Histidine	Phytochemical, Vitamin, and Actives	7-10 days	5	This test quantifies L-histidine — a semi-essential amino acid that serves as a precursor to histamine and carnosine, and plays important roles in immune regulation, oxygen transport via hemoglobin, and tissue repair — in dietary supplements, protein blends, amino acid formulations, and raw materials using Liquid Chromatography coupled with Tandem Mass Spectrometry (LC-MS/MS). Accurate quantification is important for label claim verification in amino acid and protein supplement products. LC-MS/MS provides the sensitivity and compound-specific selectivity needed to accurately quantify L-histidine in complex amino acid matrices, where its unique imidazole side chain can present challenges for certain chromatographic methods. Results are reported as a percentage or in milligrams per gram or per serving.	A representative sample is accurately weighed and dissolved or hydrolyzed in a suitable aqueous solvent. An isotopically labeled internal standard (e.g., ¹³C- or ²H-labeled L-histidine) is added prior to sample preparation to correct for matrix effects and recovery variability. The extract is filtered and analyzed by reversed-phase or HILIC LC-MS/MS, with detection by electrospray ionization (ESI) in positive ion mode using multiple reaction monitoring (MRM) transitions specific to L-histidine. Quantification is performed against a multi-point external calibration curve prepared from a certified L-histidine reference standard. Quality control samples at multiple concentration levels are run concurrently to confirm method accuracy, precision, and linearity throughout the analytical run.	L-histidine's imidazole side chain confers a unique basic character and chromatographic behavior that can make it challenging to retain and resolve on standard reversed-phase columns under typical amino acid analysis conditions. LC-MS/MS with MRM detection provides the compound-specific selectivity and sensitivity needed to unambiguously quantify L-histidine in complex protein and amino acid matrices regardless of chromatographic challenges, ensuring accurate label claim verification. This level of analytical rigor supports raw material qualification and cGMP compliance under 21 CFR 111.	1	L-Histidine HCl
Lion's Mane ID (Hericium Erinaceus) ID	Phytochemical, Vitamin, and Actives	11-13 days	10	This test confirms the identity of lion's mane mushroom (Hericium erinaceus) in raw materials, extracts, and dietary supplements using High-Performance Thin-Layer Chromatography (HPTLC). Hericium erinaceus is a culinary and medicinal mushroom native to North America, Europe, and Asia, widely used in dietary supplements for its potential to support cognitive function, nerve growth factor (NGF) stimulation, and immune health. Its characteristic phytochemical profile includes hericenones (from the fruiting body) and erinacines (from the mycelium), along with polysaccharides and other secondary metabolites. HPTLC identity testing generates a characteristic chromatographic fingerprint that is compared against an authenticated H. erinaceus reference standard to confirm species identity and detect potential adulteration, substitution, or misidentification with related Hericium species or inferior fungal materials.	A representative sample is accurately weighed and extracted using an appropriate solvent system (e.g., methanol or ethanol) to capture the characteristic secondary metabolite profile of H. erinaceus, including hericenones and other lipophilic marker compounds. The extract is applied alongside a certified lion's mane reference standard and, where applicable, potential adulterant or related species extracts, onto an HPTLC silica gel plate using an automated sample applicator. The plate is developed in a validated solvent system optimized to resolve the characteristic marker compounds of H. erinaceus. After development, the plate is derivatized with an appropriate reagent (e.g., anisaldehyde-sulfuric acid or vanillin-sulfuric acid) and evaluated under white light and UV light at 254 nm and 366 nm. The resulting fingerprint pattern is compared visually and, where applicable, by densitometric analysis to the authenticated reference standard in accordance with established HPTLC identity testing guidelines.	Lion's mane is subject to adulteration and species substitution, particularly given the existence of closely related Hericium species (e.g., H. coralloides, H. americanum) and the variability in quality between fruiting body and mycelium-based materials. HPTLC fingerprinting provides a holistic, multi-compound chromatographic identity confirmation that distinguishes authentic H. erinaceus from related species and non-fungal adulterants, offering a level of discriminatory power that single-marker potency assays cannot provide. This method aligns with USP botanical identity testing guidelines and supports cGMP compliance under 21 CFR 111, ensuring that only correctly identified raw materials are used in finished products.		
L-Isoleucine	Phytochemical, Vitamin, and Actives	7-10 days	5	This test quantifies L-isoleucine — one of the three branched-chain amino acids (BCAAs), alongside leucine and valine — in dietary supplements, protein blends, amino acid formulations, and raw materials using Liquid Chromatography coupled with Tandem Mass Spectrometry (LC-MS/MS). L-isoleucine plays a critical role in muscle protein synthesis, energy metabolism, and blood glucose regulation, and is a key component of BCAA and sports nutrition products. LC-MS/MS provides the sensitivity and specificity needed to accurately quantify L-isoleucine and distinguish it from its structural isomers, including L-leucine and L-norvaline, in complex amino acid matrices. Results are reported as a percentage or in milligrams per serving to support label claim verification and cGMP compliance.	A representative sample is accurately weighed and dissolved or hydrolyzed in a suitable aqueous solvent. An isotopically labeled internal standard (e.g., ¹³C- or ²H-labeled L-isoleucine) is added prior to sample preparation to correct for matrix effects and recovery variability. The sample is filtered and injected onto a reversed-phase or HILIC LC column for chromatographic separation. Detection is performed by electrospray ionization (ESI) in positive ion mode, with multiple reaction monitoring (MRM) transitions selected to provide highly specific quantification of L-isoleucine. Quantification is performed against a multi-point external calibration curve prepared from a certified L-isoleucine reference standard. Quality control samples at multiple concentration levels are analyzed concurrently to confirm method accuracy, precision, and linearity.	L-isoleucine is structurally identical in molecular weight to L-leucine and shares near-identical chromatographic behavior under many standard HPLC conditions, making accurate differentiation and quantification of individual BCAAs particularly challenging in complex amino acid matrices. LC-MS/MS with MRM detection provides the compound-specific selectivity needed to unambiguously quantify L-isoleucine alongside its structural isomers, ensuring that BCAA ratios and individual amino acid label claims are accurately verified. This level of analytical rigor is essential for sports nutrition products where precise BCAA ratios are a key product differentiator and consumer expectation.	1	L-Isoleucine
Listeria Monocytogenes	Microbial	4 days	25	A specific assay for Listeria monocytogenes, a pathogenic species that can cause listeriosis.	Enrichment, selective plating, and confirmation through biochemical or molecular methods. Reported as presence/absence per 25g.	Must be absent in food products due to its risk to pregnant individuals and immunocompromised populations.	1	Listeria Monocytogenes
Listeria Species	Microbial	4 days	25	This test detects Listeria spp., a group of bacteria that includes species harmful to immunocompromised individuals.	Samples are enriched and plated on selective agar, with further testing to confirm genus. Results are typically qualitative.	Listeria species should be absent in ready-to-eat products to meet regulatory standards.	1	Listeria Species
L-Leucine	Phytochemical, Vitamin, and Actives	7-10 days	5	This test quantifies L-leucine, an essential branched-chain amino acid (BCAA) and the primary trigger of muscle protein synthesis via the mTOR pathway, in dietary supplements, protein powders, and raw materials using Liquid Chromatography with Tandem Mass Spectrometry (LC-MS/MS). L-leucine is one of the most widely used amino acids in sports nutrition and recovery formulations, and accurate quantification is critical for label claim verification and ensuring consistent dosing across batches. Results are reported in mg per serving or mg per gram to support cGMP compliance.	A representative sample is weighed and extracted using an aqueous acidic solvent or protein precipitation with acetonitrile to isolate free L-leucine from the matrix. The clarified extract is injected onto a reversed-phase or HILIC column coupled to a triple quadrupole mass spectrometer operating in positive ionization Multiple Reaction Monitoring (MRM) mode. Specific precursor-to-product ion transitions characteristic of L-leucine are monitored for quantification and identity confirmation. Quantification is performed against a multi-point calibration curve prepared from a certified L-leucine reference standard, with a stable isotope-labeled internal standard used to correct for matrix effects and ensure accurate recovery across sample types.	L-leucine shares near-identical molecular weight and chromatographic behavior with its structural isomers L-isoleucine and L-norleucine, making UV-based HPLC methods insufficient for unambiguous quantification in complex supplement matrices. LC-MS/MS in MRM mode provides the molecular selectivity required to distinguish L-leucine from its isomers and accurately quantify it at the levels present in high-dose amino acid and BCAA formulations, supporting reliable label claim substantiation and batch-to-batch consistency.	1	L-Leucine
L-Lysine	Phytochemical, Vitamin, and Actives	7-10 days	5	This test quantifies L-Lysine, an essential amino acid important for nutritional labeling and quality control, using Liquid Chromatography–Tandem Mass Spectrometry (LC-MS/MS). It is applicable to various matrices including raw materials, finished products, capsules, and powders. The method provides sensitive detection with quantification limits down to low microgram per gram levels, ensuring accurate measurement in complex formulations.	Samples are prepared by aqueous extraction followed by filtration to remove particulates. The extract is injected into an LC-MS/MS system equipped with a reverse-phase column, using multiple reaction monitoring (MRM) mode to detect L-Lysine transitions. Quantification is performed using a calibration curve constructed from certified L-Lysine reference standards, with an isotopically labeled internal standard to correct for matrix effects and instrument variability. Method accuracy is verified through duplicate injections, quality control samples, and spike recovery experiments.	Results are reported in mg/g (raw materials) or mg/serving (finished products). Testing confirms label claims, ensures raw material purity, and verifies batch-to-batch consistency in production.	1	L-Lysine HCl
L-Methionine	Phytochemical, Vitamin, and Actives	7-10 days	5	This test quantifies L-methionine — an essential sulfur-containing amino acid that serves as the precursor to S-adenosylmethionine (SAMe), cysteine, and glutathione, and plays a central role in methylation reactions, liver detoxification, and antioxidant defense — in dietary supplements, protein blends, amino acid formulations, and raw materials using Liquid Chromatography coupled with Tandem Mass Spectrometry (LC-MS/MS). Accurate quantification is important for label claim verification and for confirming the methionine contribution in complete protein and multi-amino acid formulations. LC-MS/MS provides the sensitivity and compound-specific selectivity needed to accurately quantify L-methionine in complex matrices. Results are reported as a percentage or in milligrams per gram or per serving.	A representative sample is accurately weighed and dissolved or hydrolyzed in a suitable aqueous solvent, with care taken to minimize oxidation of the sulfur-containing side chain during sample preparation. An isotopically labeled internal standard (e.g., ¹³C- or ²H-labeled L-methionine) is added prior to sample preparation to correct for matrix effects and recovery variability. The extract is filtered and analyzed by reversed-phase or HILIC LC-MS/MS, with detection by electrospray ionization (ESI) in positive ion mode using multiple reaction monitoring (MRM) transitions specific to L-methionine. Quantification is performed against a multi-point external calibration curve prepared from a certified L-methionine reference standard. Quality control samples at multiple concentration levels are run concurrently to confirm method accuracy, precision, and linearity throughout the analytical run.	L-methionine is an essential amino acid with a reactive sulfur-containing side chain that is susceptible to oxidation to methionine sulfoxide during processing and storage, potentially reducing bioavailability and potency. LC-MS/MS with MRM detection provides the compound-specific selectivity needed to specifically quantify intact L-methionine and distinguish it from its oxidized form and other sulfur-containing amino acids such as cysteine and homocysteine in complex matrices. This level of analytical rigor supports label claim accuracy, raw material qualification, and cGMP compliance under 21 CFR 111.	1	L-Methionine
Low-level Creatinine and Dicyandiamide		5 days	10				2	Creatinine Dicyandiamide
L-phenylalanine	Phytochemical, Vitamin, and Actives	7-10 days		This test quantifies L-phenylalanine — an essential aromatic amino acid that serves as a precursor to tyrosine, dopamine, norepinephrine, and epinephrine — in dietary supplements, amino acid blends, protein hydrolysates, and raw materials using High-Performance Liquid Chromatography (HPLC). Accurate quantification is critical for label claim verification, ensuring that the declared amount of this essential amino acid is present in the finished product. This test is also relevant for products bearing phenylalanine content disclosures required for individuals with phenylketonuria (PKU), a metabolic disorder in which phenylalanine cannot be properly metabolized. Results are reported as a percentage or in milligrams per serving.	A representative sample is accurately weighed and hydrolyzed under acidic conditions (e.g., 6N hydrochloric acid at elevated temperature) if present in a protein-bound form, or dissolved directly in a suitable buffer if in free amino acid form. The sample is derivatized using a pre-column or post-column reagent — such as o-phthalaldehyde (OPA), phenylisothiocyanate (PITC), or 6-aminoquinolyl-N-hydroxysuccinimidyl carbamate (AQC) — to enable UV or fluorescence detection. Separation is performed by reversed-phase HPLC on a C18 column, and quantification is performed against a multi-point external calibration curve prepared from a certified L-phenylalanine reference standard. System suitability and quality control standards are run concurrently to confirm method accuracy and precision.	L-phenylalanine is an essential amino acid that cannot be synthesized by the human body and must be obtained through diet or supplementation, making accurate potency verification important for product efficacy and consumer safety. Critically, phenylalanine is a mandatory disclosure ingredient for individuals with PKU, and inaccurate labeling of phenylalanine content in food and supplement products poses a direct health risk to this population. HPLC with derivatization provides the sensitivity and specificity needed to accurately quantify L-phenylalanine in complex amino acid and protein matrices, supporting both label claim compliance and regulatory disclosure requirements under 21 CFR 101 and 111.	1	L-Phenylalanine
L-Proline	Phytochemical, Vitamin, and Actives	7-10 days	5	This test quantifies L-Proline, an important amino acid relevant for nutritional and quality assessment, using Liquid Chromatography–Tandem Mass Spectrometry (LC-MS/MS). It is applicable to various matrices including raw materials, powders, capsules, and finished products. The method provides sensitive detection with a reporting limit of 0.1 mg/kg, ensuring accurate measurement for quality control purposes.	Samples are prepared by extracting 0.5 g of material with 10 mL of 0.1% formic acid in water, followed by centrifugation and filtration. The extract is analyzed using LC-MS/MS with electrospray ionization in positive mode, monitoring L-Proline transitions in multiple reaction monitoring (MRM) mode. Quantification is performed using an external calibration curve constructed from certified L-Proline standards ranging from 0.1 to 100 mg/L. Quality control includes duplicate injections, analysis of spiked samples for recovery assessment, and periodic injection of QC standards to verify instrument performance.	Results are reported in mg/g (raw material) or mg/serving (finished product). Testing confirms label accuracy, verifies raw material purity, and supports consistent manufacturing quality.	1	Proline
L-Theanine	Phytochemical, Vitamin, and Actives	7-10 days	5	This assay quantifies L-theanine, a naturally occurring amino acid found in green tea and commonly used in calming and nootropic supplements. Using HPLC, it verifies L-theanine content in capsules, powders, and beverages to confirm label claims and ensure consistent dosing.	Samples are extracted in aqueous or acidic solution and analyzed by HPLC with UV detection at a compound-specific wavelength. Quantification is performed using certified L-theanine standards, with internal standard correction and duplicate injections to ensure accuracy and reproducibility.	Results are reported in mg per g or per serving. Values are compared to formulation targets and label claims to confirm active content and detect any degradation or underformulation.	1	L-Theanine
L-Threonine	Phytochemical, Vitamin, and Actives	7-10 days	5	This test quantifies L-threonine — an essential amino acid that plays a critical role in protein synthesis, immune globulin production, intestinal mucosal integrity, and collagen formation — in dietary supplements, protein blends, amino acid formulations, and raw materials using Liquid Chromatography coupled with Tandem Mass Spectrometry (LC-MS/MS). Accurate quantification is important for label claim verification in amino acid and protein supplement products, as well as for confirming the threonine contribution in complete protein and BCAA formulations. LC-MS/MS provides the sensitivity and compound-specific selectivity needed to accurately quantify L-threonine in complex amino acid matrices. Results are reported as a percentage or in milligrams per gram or per serving.	A representative sample is accurately weighed and dissolved or hydrolyzed in a suitable aqueous solvent. An isotopically labeled internal standard (e.g., ¹³C- or ²H-labeled L-threonine) is added prior to sample preparation to correct for matrix effects and recovery variability. The extract is filtered and analyzed by reversed-phase or HILIC LC-MS/MS, with detection by electrospray ionization (ESI) in positive ion mode using multiple reaction monitoring (MRM) transitions specific to L-threonine. Quantification is performed against a multi-point external calibration curve prepared from a certified L-threonine reference standard. Quality control samples at multiple concentration levels are run concurrently to confirm method accuracy, precision, and linearity throughout the analytical run.	L-threonine is an essential amino acid that cannot be synthesized by the human body, making accurate potency verification important for confirming that supplement products deliver the declared dose. LC-MS/MS with MRM detection provides the compound-specific selectivity needed to unambiguously quantify L-threonine in complex protein and amino acid matrices, where co-eluting amino acids may interfere with less selective analytical methods. This level of analytical rigor supports label claim accuracy, raw material qualification, and cGMP compliance under 21 CFR 111.	1	L-Threonine
L-Tryptophan	Phytochemical, Vitamin, and Actives	7-10 days	5	This test quantifies L-Tryptophan, an essential amino acid important for nutritional and quality control purposes, using Liquid Chromatography–Tandem Mass Spectrometry (LC-MS/MS). It is suitable for analyzing raw materials, finished products, capsules, and powders. The method provides high specificity and sensitivity with detection limits typically in the low nanogram per milliliter range.	Samples are first extracted with a methanol-water solution to release L-Tryptophan, followed by filtration to remove particulates. The extract is injected into an LC-MS/MS system operating in Multiple Reaction Monitoring (MRM) mode, using electrospray ionization in positive mode. Separation is achieved on a reversed-phase C18 column with a gradient mobile phase of water and acetonitrile containing 0.1% formic acid. Quantification is performed using a calibration curve constructed from certified L-Tryptophan standards, with an isotopically labeled internal standard to correct for matrix effects and instrument variability. Method accuracy and precision are verified through duplicate injections, quality control samples, and spike recovery experiments.	Testing confirms label claims, verifies raw material purity, and supports batch-to-batch consistency.	1	L-Tryptophan
L-Tyrosine	Phytochemical, Vitamin, and Actives	7-10 days	5	This test quantifies L-Tyrosine, an important amino acid, in raw materials, powders, capsules, and finished products using High-Performance Liquid Chromatography (HPLC). Accurate measurement of L-Tyrosine ensures product quality and compliance with nutritional specifications. The assay has a detection limit of 0.1 mg/g, providing sensitive and precise quantification.	Samples are prepared by aqueous extraction followed by filtration to remove particulates. The extract is injected into an HPLC system equipped with a C18 reversed-phase column and UV detection at 274 nm, specific for L-Tyrosine. Quantification is achieved using an external calibration curve constructed from certified L-Tyrosine reference standards over a defined concentration range. Method precision is confirmed by duplicate injections and quality control samples, while spike recovery tests validate accuracy.	Results are reported in mg/g (raw material) or mg/serving (finished products). Testing confirms label claims, verifies raw material purity, and ensures batch-to-batch consistency in amino acid formulations.	1	Tyrosine
Lupin Allergen	Allergen	2 days	5	This assay detects and quantifies lupin protein using a validated ELISA (Enzyme-Linked Immunosorbent Assay). It is used to confirm the presence or absence of lupin contamination in raw materials, finished products, and production environments—critical for meeting allergen labeling regulations in regions where lupin is a regulated allergen (e.g., EU, Australia).	Samples are extracted and tested using a sandwich ELISA specific to lupin protein. The method uses antibody-based colorimetric detection and quantifies results using a certified standard curve. Positive and negative controls are included to ensure accuracy.	Results are reported in ppm (mg/kg) of lupin protein. The method typically detects trace levels as low as 1–5 ppm depending on the matrix, making it suitable for allergen-free claim verification or contamination screening.	1	Lupin Allergen
Lutein	Phytochemical, Vitamin, and Actives	7-10 days	5	This assay quantifies lutein, a carotenoid found in marigold extract and leafy greens, commonly used in vision support and antioxidant supplements. Using HPLC, it measures lutein content in raw materials and finished products to confirm potency and support structure-function claims.	Samples are extracted using organic solvents (typically hexane or ethanol-based), then analyzed by HPLC with UV-Vis detection at a compound-specific wavelength (typically ~445 nm). Quantification is performed using certified lutein standards, with internal standard correction and duplicate injections for accuracy.	Results are reported in mg per g or per serving. Values are compared to formulation targets and declared label claims to confirm standardization and detect degradation or adulteration.	1	Lutein
L-Valine	Phytochemical, Vitamin, and Actives	7-10 days	5	This test quantifies L-valine — one of the three branched-chain amino acids (BCAAs), alongside leucine and isoleucine — in dietary supplements, protein blends, amino acid formulations, and raw materials using Liquid Chromatography coupled with Tandem Mass Spectrometry (LC-MS/MS). L-valine plays an important role in muscle tissue repair, nitrogen balance, and energy production during sustained exercise, and is a standard component of BCAA and sports nutrition formulations. LC-MS/MS provides the sensitivity and specificity required to accurately quantify L-valine and distinguish it from co-eluting structural isomers in complex amino acid matrices. Results are reported as a percentage or in milligrams per serving to support label claim verification and cGMP compliance.	A representative sample is accurately weighed and dissolved or hydrolyzed in a suitable aqueous solvent. An isotopically labeled internal standard (e.g., ¹³C- or ²H-labeled L-valine) is added prior to sample preparation to correct for matrix effects and recovery variability. The sample is filtered and injected onto a reversed-phase or HILIC LC column for chromatographic separation. Detection is performed by electrospray ionization (ESI) in positive ion mode, with multiple reaction monitoring (MRM) transitions selected to provide highly specific quantification of L-valine. Quantification is performed against a multi-point external calibration curve prepared from a certified L-valine reference standard. Quality control samples at multiple concentration levels are analyzed concurrently to confirm method accuracy, precision, and linearity throughout the analytical run.	Accurate quantification of individual BCAAs — including L-valine — is essential for verifying the declared BCAA ratio and total amino acid content in sports nutrition products, where precise formulation is a key product claim and consumer expectation. LC-MS/MS with MRM detection provides the compound-specific selectivity needed to unambiguously quantify L-valine alongside leucine and isoleucine in complex protein and amino acid matrices, where standard HPLC methods may not provide sufficient resolution between structural isomers. This level of analytical specificity supports both raw material qualification and finished product release testing under 21 CFR 111 cGMP requirements.	1	L-Valine
Lycopene	Phytochemical, Vitamin, and Actives	7-10 days	5	This test quantifies lycopene, a fat-soluble carotenoid pigment found predominantly in tomatoes and tomato-derived ingredients, in dietary supplements, food products, and raw materials using High-Performance Liquid Chromatography with UV/Visible detection (HPLC-UV/Vis). Lycopene is one of the most studied carotenoids for its antioxidant activity and its association with prostate and cardiovascular health. Results are reported in mg per serving or mg per gram to support label claim verification and cGMP compliance.	A representative sample is weighed and subjected to saponification using an ethanolic potassium hydroxide solution to hydrolyze esterified carotenoids, followed by liquid-liquid extraction with an organic solvent such as hexane or ethyl acetate to isolate lycopene. The extract is evaporated under nitrogen, reconstituted in mobile phase, and injected onto a reversed-phase C18 or C30 HPLC column — C30 columns are preferred for improved resolution of lycopene from structurally similar carotenoid isomers. Detection is performed by UV/Vis at approximately 472 nm, corresponding to the characteristic visible absorbance of lycopene. All sample preparation steps are conducted under amber or reduced-light conditions to prevent photodegradation, and quantification is performed against a multi-point external calibration curve prepared from a certified lycopene reference standard.	Lycopene is highly susceptible to oxidative and photodegradation, and its accurate quantification requires careful sample handling combined with a chromatographic method capable of resolving it from cis-isomers and co-present carotenoids such as beta-carotene and phytoene. HPLC with UV/Vis detection at 472 nm provides the sensitivity and selectivity needed for reliable potency measurement across softgel, powder, and oil-based supplement formats, ensuring label claim accuracy and raw material qualification.	2	Lycopene Moisture
Macadamia Allergen	Allergen	2 days	5	This assay detects and quantifies macadamia nut protein using a specific ELISA (Enzyme-Linked Immunosorbent Assay). It verifies the presence or absence of macadamia contamination in raw materials, finished products, or facility environments—helping manufacturers meet allergen labeling regulations and avoid cross-contact issues.	Samples are extracted and analyzed using a macadamia-specific sandwich ELISA. The method uses antibody-based detection with colorimetric readout and compares results to a validated standard curve. Duplicate wells and control samples ensure reliable results.	Results are reported in ppm (mg/kg) of macadamia protein. Detection limits typically range from 1–5 ppm, allowing for sensitive identification of trace contamination to support “nut-free” claims or allergen risk management.	1	Macadamia Allergen
Maca Root ID	Phytochemical, Vitamin, and Actives	11-13 days	10	This test confirms the botanical identity of maca root (Lepidium meyenii) in raw materials and finished products using High-Performance Thin-Layer Chromatography (HPTLC). HPTLC generates a characteristic chromatographic fingerprint based on maca's unique glucosinolate and alkaloid marker compounds, which is compared against a certified Lepidium meyenii reference standard to confirm species authenticity and detect substitution or adulteration. Results are reported as confirmed identity or non-conforming.	A representative sample is extracted using methanol or an aqueous-organic solvent system and applied alongside a certified maca root reference standard onto an HPTLC silica gel plate using an automated applicator. The plate is developed in a validated solvent system, dried, and derivatized with an appropriate detection reagent to visualize the characteristic marker bands associated with maca's glucosinolate and macamide profile. The resulting fingerprint is compared visually and by densitometric scanning to the reference standard pattern. Identity is confirmed when the sample fingerprint matches the reference in terms of Rf values, band positions, and color profile, per established HPTLC botanical identity methods.	Maca root is a premium Andean botanical that commands a significant price premium, making it a target for substitution with less expensive root powders or unrelated starch-based fillers. HPTLC identity testing provides a rapid and scientifically defensible confirmation of botanical species, supporting supplier qualification, and label accuracy.		
Magnesium	Elemental	5-7 days	10	This assay measures magnesium (Mg) using Inductively Coupled Plasma Mass Spectrometry (ICP-MS). The method provides highly sensitive and accurate elemental quantification across a wide range of matrices.	Samples are digested and analyzed by ICP-MS under validated conditions. Magnesium is ionized in the plasma and detected by mass spectrometry. Calibration with certified reference standards and internal controls ensures accuracy and reproducibility.	Testing verifies label claims, confirms elemental purity, and supports consistent formulation and regulatory compliance.	1	Magnesium
Magnesium Blend (Magnesium Glycinate, Oxide, and Citrate)	Elemental	7-10 days	5	This test quantifies total elemental magnesium in blended raw materials and dietary supplements containing multiple magnesium salt forms — specifically magnesium glycinate, magnesium oxide, and magnesium citrate — using Inductively Coupled Plasma Mass Spectrometry (ICP-MS). Each magnesium salt form contributes a different theoretical percentage of elemental magnesium (magnesium oxide ~60%, magnesium citrate ~16%, magnesium glycinate ~14%), and accurate measurement of total elemental magnesium is essential for verifying that the combined blend delivers the declared milligrams of elemental magnesium per serving as required under 21 CFR 101 nutritional labeling regulations. ICP-MS provides the sensitivity and multi-element capability needed to precisely quantify magnesium in complex blended matrices. Results are reported in milligrams of elemental magnesium per gram or per serving.	A representative sample is accurately weighed and subjected to complete acid digestion using a validated microwave-assisted or hot block digestion procedure with concentrated nitric acid and, where necessary, hydrochloric acid or hydrogen peroxide, to fully dissolve all magnesium salt forms and convert magnesium to a soluble ionic form. The digested solution is diluted to volume with ultrapure water and analyzed by ICP-MS using an appropriate internal standard (e.g., ⁴⁵Sc or ⁶⁹Ga) to correct for matrix effects and instrument drift. Magnesium is quantified by monitoring the ²⁴Mg isotope against a multi-point external calibration curve prepared from a certified magnesium reference standard traceable to NIST. Certified reference materials and method blanks are analyzed concurrently to confirm digestion efficiency, accuracy, and precision.	ICP-MS is the preferred method for elemental magnesium quantification in complex blended matrices because it provides accurate, precise, and sensitive measurement of total elemental magnesium regardless of the salt form present, without requiring separate assays for each individual magnesium species. This is particularly important for multi-form magnesium blends where the varying solubility and matrix behavior of glycinate, oxide, and citrate salts could compromise the accuracy of less specific methods such as titration or colorimetric assays. Reporting total elemental magnesium ensures direct alignment with label claims and regulatory requirements under 21 CFR 101, and supports raw material qualification and cGMP compliance under 21 CFR 111.	1	Magnesium Blend (Magnesium Glycinate, Oxide, and Citrate)
Magnesium (by Titration)	Elemental	11-13 days	10	This test quantifies magnesium content in dietary supplements, mineral ingredients, and raw materials using complexometric titration, typically with EDTA (ethylenediaminetetraacetic acid) as the chelating titrant. Magnesium is an essential macromineral involved in over 300 enzymatic reactions, including energy metabolism, muscle contraction, nerve function, and bone health. Titration provides a reliable, cost-effective, and well-established method for determining magnesium content in high-purity mineral salts and supplement formulations. Results are reported as a percentage or in milligrams per gram or per serving to support label claim verification and cGMP compliance.	A representative sample is accurately weighed and dissolved in dilute acid (typically hydrochloric or nitric acid) to ensure complete dissolution of the magnesium salt. The solution is adjusted to an appropriate pH (typically pH 10 using an ammonia buffer) and a metal indicator such as Eriochrome Black T (EBT) or Calmagite is added. The sample is titrated with a standardized EDTA solution until the endpoint color change is observed (from red/wine to blue), indicating complete chelation of the magnesium ions. Magnesium content is calculated from the volume and molarity of EDTA consumed relative to the sample weight. Blank titrations and reference standard checks are performed concurrently to confirm titrant standardization and method accuracy.	Complexometric EDTA titration is a classical, pharmacopoeial-recognized method for the quantification of divalent metal ions including magnesium, and is widely used for the release testing of magnesium-containing raw materials and finished products. The method is particularly well suited for high-purity magnesium salts (e.g., magnesium oxide, magnesium citrate, magnesium glycinate) where magnesium is the primary analyte and matrix interference is minimal. Titration offers a rapid, cost-effective alternative to instrumental methods such as ICP-MS or ICP-OES for routine magnesium quantification, supporting raw material qualification and label claim compliance under 21 CFR 111.	1	Magnesium (by Titration)
Malic Acid	Phytochemical, Vitamin, and Actives	7-10 days	5	This assay quantifies malic acid, a naturally occurring organic acid found in fruits and commonly added as an acidulant in foods, beverages, and supplements. Using LC-MS/MS, it measures malic acid content to confirm formulation accuracy, detect adulteration, and verify nutrition or ingredient label claims.	Samples are extracted in aqueous solvent and analyzed by LC-MS/MS using compound-specific mass transitions. Quantification is performed with certified malic acid standards, using internal standard correction and duplicate injections to ensure sensitivity and reproducibility. The method allows detection of both natural and added malic acid in complex matrices.	Results are reported in mg per g, mg per 100 mL, or per serving depending on the product matrix. Values are compared against declared label claims, formulation targets, or regulatory specifications to ensure accuracy and product quality.	1	Malic Acid
Maltodextrin	Preservatives and Additives	7-9 days	10	This test identifies and quantifies maltodextrin — a mixture of glucose oligomers derived from starch hydrolysis — in dietary supplements, protein powders, and raw materials using High-Performance Liquid Chromatography (HPLC). Maltodextrin is widely used as a bulking agent, carrier, and carbohydrate source in supplement formulations, and its accurate characterization is important for label transparency, carbohydrate content verification, and detection of undeclared use as a filler. Results are reported as a percentage of total carbohydrate content or mg per gram as applicable.	A representative sample is weighed and dissolved in warm deionized water with sonication to ensure complete solubilization of the maltodextrin oligomers. Quantification is performed against a multi-point calibration curve prepared from certified maltodextrin or glucose oligomer reference standards.		1	Maltodextrin
Manganese	Elemental	5-7 days	10	This test quantifies manganese, an essential trace mineral that serves as a cofactor for antioxidant enzymes, bone formation, and metabolic pathways involving carbohydrates and amino acids, in dietary supplements, food products, and raw materials using Inductively Coupled Plasma Mass Spectrometry (ICP-MS). Manganese is a declared nutrient on supplement facts panels and must be accurately quantified to support label claim verification, raw material qualification, and cGMP compliance. Results are reported in mg or µg per serving or per gram, as applicable.	A representative sample is digested using microwave-assisted acid digestion with a nitric acid and hydrogen peroxide mixture to fully dissolve the matrix and bring all manganese into solution. The digested solution is diluted to volume and analyzed by ICP-MS, where manganese is detected and quantified based on its characteristic mass-to-charge ratio. Quantification is performed against a multi-point external calibration curve prepared from a certified manganese reference standard, with an appropriate internal standard used to correct for matrix effects and instrument drift. Certified reference materials and method blanks are analyzed concurrently to confirm accuracy and recovery.	Manganese is a required nutrient declaration on supplement facts panels when present at ≥2% of the Daily Value, and accurate quantification is essential for label compliance. Manganese can be present at elevated levels in certain botanical raw materials — particularly green tea, grains, and legume-derived ingredients — making accurate measurement important for both potency claims and safety assessment given that chronic high manganese intake is associated with neurological effects. ICP-MS provides the sensitivity and multi-element capability needed for reliable quantification across diverse supplement and food matrices.	1	Manganese
Melamine	Contaminants	7-10 days	5	This assay quantifies melamine, a nitrogen-rich industrial chemical that may be illegally added to artificially inflate protein content. Using LC-MS/MS, it detects trace levels of melamine in food, beverages, supplements, and raw materials to ensure compliance with FDA, EFSA, and Codex safety limits.	Samples are extracted with aqueous or acidified solvents and analyzed by LC-MS/MS with compound-specific mass transitions. Quantification is performed using certified melamine standards, with internal standard correction and duplicate injections to ensure sensitivity and reproducibility. This method allows detection at very low ppb levels suitable for regulatory compliance.	Results are reported in ppm (mg/kg) or ppb (µg/kg), depending on the matrix. Values are compared against international limits (e.g., Codex and FDA typically ≤ 1 ppm in infant formula, ≤ 2.5 ppm in other foods) to confirm safety and detect adulteration.	1	Melamine
Melatonin	Phytochemical, Vitamin, and Actives	7-10 days	5	This assay quantifies melatonin, a hormone commonly used in sleep-support supplements. Using HPLC, it verifies melatonin content in tablets, capsules, powders, and functional blends to ensure label accuracy and proper dosing in products designed for rest and relaxation.	Samples are extracted using aqueous or methanolic solvents and analyzed by HPLC with UV detection at a compound-specific wavelength. Quantification is performed using certified melatonin standards, with internal standard correction and duplicate injections to ensure precision.	Results are reported in mg per g or per serving. Values are compared with formulation targets and declared label claims to confirm potency, detect over- or under-formulation, and ensure product consistency.	1	Melatonin
Melting Point	Stability	11-13 days	10	This test determines the melting point of a solid raw material or ingredient using the method described in USP <741> (Melting Range or Temperature). The melting point is a fundamental physical characteristic used to confirm the identity and assess the purity of a substance — impurities and polymorphic variations typically cause a depression or broadening of the expected melting range. This test is commonly applied to pharmaceutical-grade excipients, active ingredients, fatty acids, waxes, and other solid materials where melting point is a defined specification parameter. Results are reported as the observed melting range in degrees Celsius (°C) and compared against the USP monograph or supplier specification.	A small quantity of the dry, finely powdered sample is introduced into a capillary tube, which is placed in a calibrated melting point apparatus. The temperature is raised at a controlled, defined rate as specified in USP <741>. The temperature at which the sample begins to liquefy (onset) and the temperature at which it is completely melted (clear point) are recorded. The observed melting range is compared against the reference specification for the material under test. The apparatus is calibrated using certified melting point reference standards prior to sample analysis to confirm temperature accuracy.	Melting point determination is one of the oldest and most straightforward physical identity tests in pharmacopoeial analysis, and is required or recommended in numerous USP ingredient monographs as a rapid, non-destructive means of confirming material identity and detecting gross impurities or adulteration. A melting point that falls outside the expected range — or a broadened melting range — can indicate the presence of impurities, incorrect polymorph, or substitution with a different material. USP <741> provides a standardized, validated procedure that supports raw material qualification and cGMP compliance under 21 CFR 111.	1	Melting Point
Methylliberine (Dynamine)	Phytochemical, Vitamin, and Actives	7-10 days	5	This assay quantifies methylliberine, the purine alkaloid branded as Dynamine, commonly used in energy, nootropic, and performance supplements. Using HPLC, it verifies methylliberine content to ensure label accuracy, consistent dosing, and safe stimulant formulation.	Samples are extracted using alcohol-based or aqueous solvents and analyzed by HPLC with UV detection at a compound-specific wavelength. Quantification is performed using certified methylliberine standards, with internal standard correction and duplicate injections to ensure precision.	Results are reported in mg per g or per serving. Values are compared to formulation targets and declared label claims to confirm potency and detect mislabeling or improper standardization.	1	Methylliberine (Dynamine)
Methylsulfonylmethane (MSM)	Phytochemical, Vitamin, and Actives	7-10 days	5	This test identifies and quantifies methylsulfonylmethane (MSM), also known as dimethyl sulfone, in raw materials and finished dietary supplement products using liquid chromatography–tandem mass spectrometry (LC-MS/MS). MSM is a low-molecular-weight organosulfur compound commonly formulated in powders, capsules, tablets, gummies, liquids, and multi-ingredient joint- and mobility-support products. Because MSM is highly water-soluble and has limited chromophoric response for conventional UV detection, LC-MS/MS provides selective detection in the presence of amino acids, sugars, minerals, botanical extracts, flavor systems, and other formulation components. Results are reported as % w/w, mg/g, or mg per serving, according to the product specification and intended label declaration.	A representative sample is accurately weighed and dissolved or extracted in a validated aqueous or aqueous-organic solvent system, typically purified water or a water/methanol mixture, selected to achieve complete recovery of MSM from the relevant dosage form. Solid materials are mixed, sonicated, and/or agitated as necessary; finished matrices may undergo additional clarification steps to remove insoluble excipients and reduce matrix interference. The prepared extract is centrifuged and membrane-filtered before analysis. MSM is separated using a validated chromatographic mode suitable for highly polar analytes, such as hydrophilic-interaction liquid chromatography (HILIC) or a suitably retained reversed-phase method. Detection is performed by tandem mass spectrometry using optimized atmospheric-pressure ionization and compound-specific precursor/product-ion transitions. An isotopically labeled MSM internal standard or a qualified structurally appropriate internal standard may be used to correct for sample-preparation variability and matrix effects. Quantification is performed against a multi-point calibration curve prepared from a qualified, purity-corrected MSM reference standard. Method blanks, system-suitability standards, duplicate preparations, spike-recovery samples, calibration-verification standards, and concurrent quality-control samples are evaluated to confirm selectivity, accuracy, precision, linearity, recovery, and carryover control.	MSM is a small, polar, nonvolatile compound that may be challenging to retain and distinguish from formulation components using non-specific analytical approaches. LC-MS/MS offers high analyte specificity through chromatographic retention, molecular-ion detection, and characteristic fragmentation behavior, enabling reliable MSM quantification even in complex multi-ingredient supplements. The use of an internal standard and matrix-appropriate extraction conditions helps control potential ion-suppression and recovery effects that may otherwise influence results. This method supports raw-material qualification, formulation verification, lot-to-lot consistency, label-claim substantiation, and dietary supplement cGMP quality-control requirements under 21 CFR 111.		
Methyl Sulfonyl Methane (MSM)	Phytochemical, Vitamin, and Actives	7-10 days	5	This assay quantifies methylsulfonylmethane (MSM), a sulfur-containing compound commonly used in joint health and recovery supplements. Using LC-MS/MS, it verifies MSM content in capsules, powders, and blends to confirm label accuracy and ensure consistent therapeutic dosing.	Samples are extracted in aqueous solution and analyzed by LC-MS/MS using compound-specific mass transitions. Quantification is performed with certified MSM standards, internal standard correction, and duplicate injections to ensure precise and reproducible results.	Results are reported in mg per g or per serving. Values are compared with formulation targets and label claims to confirm dosing consistency and detect dilution or mislabeling.	1	Methyl Sulfonyl Methane (MSM)
Microcystins (LR, RR, YR)	Contaminants	5-7 days	50	This assay measures the concentration of key microcystin variants — LR, RR, and YR — using Liquid Chromatography–Tandem Mass Spectrometry (LC-MS/MS). Microcystins are hepatotoxic cyclic peptides produced by cyanobacteria and are regulated in food, water, and dietary supplements due to their toxicity.	Samples are extracted and analyzed by LC-MS/MS. Individual variants (LR, RR, YR) are separated, identified, and quantified against certified reference standards. The method allows high sensitivity and specificity for detecting microcystins even at trace levels.	Results are reported in µg/L (water, beverages) or µg/kg (solids), with the option to convert to µg/serving for finished products. Testing ensures compliance with WHO, EPA, and international safety limits, protects consumer health, and verifies product quality.	3	LR RR YR
Micro Panel	Microbial	5 days	75	This panel includes Total Plate Count, Yeast & Mold, Coliforms, E. coli, Salmonella, and Staphylococcus aureus. It provides a comprehensive screen for microbial load, spoilage organisms, and key pathogens to ensure product safety and compliance.	Samples are prepared and plated on selective and non-selective agar media appropriate for each organism. Incubation times and conditions follow USP, AOAC, and FDA BAM guidelines. Confirmatory biochemical or molecular methods are used where necessary for pathogen identification. All tests include appropriate controls and duplicate runs.	Results are reported in CFU/g or as Detected / Not Detected depending on the assay. Values are assessed against regulatory limits and industry standards (e.g., USP <2021>, <2022>, <2023>) to verify safety and microbial integrity.	7	E. Coli Salmonella Staphylococcus Aureus Total Coliforms Total Mold Total Plate Count Total Yeast
Microplastics (Drinking Water)	Contaminants	14 days	100	This assay identifies and quantifies microplastic particles in food samples. It targets small plastic fragments that may contaminate products through environmental exposure, helping manufacturers monitor and manage potential contamination.	Samples are processed to remove organic matter through digestion, then filtered to capture residual particles. The particles are analyzed by Fourier-transform infrared (FTIR) spectroscopy to identify their polymer type based on absorption spectra. Calibration with plastic standards and quality control measures, including blank filters and replicate analyses, ensure reliable results.	Results are reported as particle counts per unit mass or as a mass concentration. Lower numbers indicate minimal contamination, while higher counts may signal environmental intrusion and require further investigation. The data help track contamination trends over time.	1	Microplastics
Microplastics (Liquid & non-drinking water)	Contaminants	14 days	100	This assay identifies and quantifies microplastic particles in food samples. It targets small plastic fragments that may contaminate products through environmental exposure, helping manufacturers monitor and manage potential contamination.	Samples are processed to remove organic matter through digestion, then filtered to capture residual particles. The particles are analyzed by Fourier-transform infrared (FTIR) spectroscopy to identify their polymer type based on absorption spectra. Calibration with plastic standards and quality control measures, including blank filters and replicate analyses, ensure reliable results.	Results are reported as particle counts per unit mass or as a mass concentration. Lower numbers indicate minimal contamination, while higher counts may signal environmental intrusion and require further investigation. The data help track contamination trends over time.	1	Microplastics
Microplastics (Solid)	Contaminants	14 days	100	This assay identifies and quantifies microplastic particles in food samples. It targets small plastic fragments that may contaminate products through environmental exposure, helping manufacturers monitor and manage potential contamination. Important: Turnaround time for this test is typically 14 business days, but can extend to 21 business days depending on the complexity of the sample matrix. Difficult matrices include fish, meat, jerky, cocoa, cinnamon, and other high-fiber or dense materials. These require careful multi-day digestion to preserve microplastic particles. Because microplastics digestion is still an emerging process, we may not know if a matrix is challenging until it’s processed by the lab. We will make sure to give you the heads up and keep you in the loop if TAT is extended — and we’re actively working to bring this test in-house to reduce TAT and pricing over time.	Samples are processed to remove organic matter through digestion, then filtered to capture residual particles. The particles are analyzed by Fourier-transform infrared (FTIR) spectroscopy to identify their polymer type based on absorption spectra. Calibration with plastic standards and quality control measures, including blank filters and replicate analyses, ensure reliable results.	Results are reported as particle counts per unit mass or as a mass concentration. Lower numbers indicate minimal contamination, while higher counts may signal environmental intrusion and require further investigation. The data help track contamination trends over time.	1	Microplastics
Milk Thistle Silymarin	Phytochemical, Vitamin, and Actives	7-10 days	5	This assay quantifies the key active flavonolignans in milk thistle (Silybum marianum), commonly grouped under the silymarin complex. Using LC-MS/MS, it measures individual and total silymarin content to verify potency in liver support supplements and botanical blends.	Samples are extracted with alcohol or aqueous solvents, then analyzed by LC-MS/MS using compound-specific mass transitions. Quantification is performed with certified silymarin standards, internal standard correction, and duplicate injections to ensure precise and reproducible results.	Results are reported in mg per g or per serving for each analyte and total silymarin. Values are compared to formulation targets and label claims to confirm extract standardization and detect potential degradation or adulteration.	1	Milk Thistle Silymarin
Minerals	Elemental	5-7 days	10	This assay quantifies various minerals (sodium, potassium, calcium and iron) in food products, supporting nutritional labeling and fortification verification. The method uses ICP-MS/MS technology to accurately measure trace and major minerals in complex matrices.	Samples are acid-digested to solubilize all mineral components. The resulting solution is analyzed by ICP-MS/MS, where each mineral is separated based on its mass and quantified using calibration standards. Stringent quality control—including certified reference materials and replicate analyses—ensures the accuracy of the final measurements.	Results are provided in mg/kg or ppm for each mineral, allowing manufacturers to verify that nutritional targets and formulation claims are met. Consistency across batches confirms product quality, while significant deviations prompt further review.	4	Calcium Iron Potassium Sodium
Moisture Analysis	Stability	5 days	10	Assay that measures the moisture content in food products (using the “loss on drying” technique) to support labeling and quality control. It ensures that water levels meet regulatory and formulation standards, maintaining product stability and consumer acceptance.	Samples are accurately weighed, then placed in a controlled environment and heated to remove moisture. The weight difference before and after drying is measured to calculate the moisture content. Calibration with reference materials and replicate measurements ensure precise and accurate results.	Results are expressed as a percentage (%) of moisture for each sample. These values confirm that the product meets regulatory requirements and specified quality parameters, while consistency across batches indicates controlled manufacturing and reliable ingredient sourcing.	2	Dry matter Moisture
Moisture (Karl Fisher)		7-10 days	10	This test determines the moisture content of raw materials, excipients, and dietary supplement ingredients using Karl Fischer Titration — the gold standard method for specific water quantification in pharmaceutical and food-grade materials. Unlike loss on drying methods, Karl Fischer Titration measures only water and is not affected by the loss of volatile compounds other than water, making it the preferred method for materials where accuracy and specificity are critical. This test is applicable to a wide range of matrices including powders, oils, waxes, botanical extracts, and hygroscopic ingredients. Results are reported as a percentage water content (% w/w).	A representative sample is accurately weighed and introduced into a Karl Fischer titration vessel containing a suitable anhydrous solvent — typically anhydrous methanol or a proprietary Karl Fischer solvent — under dry, inert conditions to prevent atmospheric moisture uptake. The water present in the sample reacts stoichiometrically with the Karl Fischer reagent (comprising iodine, sulfur dioxide, base, and solvent). In volumetric Karl Fischer titration, a standardized Karl Fischer reagent solution is added until the endpoint is detected by a potentiometric or biamperometric sensor. In coulometric Karl Fischer titration, iodine is electrochemically generated in situ and the total charge consumed is used to calculate water content. The appropriate technique — volumetric or coulometric — is selected based on the expected moisture level of the sample.	Karl Fischer Titration is the most specific and accurate method for water determination in pharmaceutical and dietary supplement materials, and is the reference method specified in USP <921> and numerous pharmacopoeial ingredient monographs. Its specificity for water — as opposed to total volatile content measured by loss on drying — makes it particularly important for materials containing volatile organic compounds, oils, or thermally sensitive ingredients where oven drying would yield inaccurate results. Accurate moisture control is critical for product stability, microbial safety, potency maintenance, and compliance with raw material specifications under 21 CFR 111.		
Mold Identification (3 types)	Microbial	6-8 days	10	This assay provides microscopic identification of up to three distinct mold types present in a sample. The analysis determines the morphological characteristics of each mold to the genus or species level, depending on visibility and growth pattern.	Samples are cultured under controlled incubation for approximately five days to promote mold growth. After incubation, distinct colonies are microscopically examined, and up to three mold types are identified. Additional identifications can be performed upon request if more than three species are present.	Results are reported as a list of identified molds per sample. Testing supports contamination assessment, validates product safety, and helps pinpoint sources of microbial spoilage.	1	Mold Identification
Molybdenum	Elemental	5-7 days	10	This test quantifies molybdenum, an essential trace mineral that serves as a cofactor for several critical enzymes involved in amino acid metabolism and detoxification, in dietary supplements, food products, and raw materials using Inductively Coupled Plasma Mass Spectrometry (ICP-MS). Molybdenum is required in microgram quantities and is a declared nutrient on supplement facts panels when present at meaningful levels. ICP-MS provides the sensitivity required to accurately measure molybdenum at the trace concentrations found in food and supplement matrices. Results are reported in µg per serving or µg per gram to support label claim verification and cGMP compliance.	A representative sample is digested using microwave-assisted acid digestion with a nitric acid and hydrogen peroxide mixture to fully dissolve the matrix and bring all elemental molybdenum into solution. The digested solution is diluted to volume and analyzed by ICP-MS, where molybdenum is detected and quantified based on its characteristic mass-to-charge ratio. Quantification is performed against a multi-point external calibration curve prepared from a certified molybdenum reference standard, with an appropriate internal standard used to correct for matrix effects and instrument drift. Certified reference materials and method blanks are analyzed concurrently to confirm accuracy and recovery.	Molybdenum is present at trace levels in most supplement and food matrices, requiring the sub-ppb detection capability of ICP-MS for accurate quantification. As a required nutrient declaration when present at ≥2% of the Daily Value, accurate measurement is essential for label compliance. ICP-MS also allows molybdenum to be quantified as part of a multi-element panel, providing analytical efficiency for comprehensive elemental profiling of raw materials and finished products.	1	Molybdenum
Mustard Allergen	Allergen	2 days	5	This assay detects and quantifies mustard protein using a validated ELISA (Enzyme-Linked Immunosorbent Assay). It confirms the presence or absence of mustard contamination in raw materials, finished products, and manufacturing environments—essential for verifying “mustard-free” claims and meeting regulatory requirements in regions where mustard is a declared allergen (e.g., EU, Canada).	Samples are extracted and analyzed using a sandwich ELISA with antibodies specific to mustard protein. Colorimetric detection is used, and results are compared to a certified standard curve. Controls and duplicate wells ensure test precision and reliability.	Results are reported in ppm (mg/kg) of mustard protein. The method typically detects down to 1–5 ppm depending on the matrix, making it suitable for trace-level screening and allergen risk management.	1	Mustard Allergen
Mycotoxins	Contaminants	5-7 days	25	This assay screens for mycotoxins—poisonous compounds produced by molds—in food products. It targets toxins such as aflatoxins and ochratoxin, which can pose serious health risks even at low levels. The method employs LC‑MS/MS for high sensitivity and specificity in complex matrices.	Samples are extracted using solvents optimized for mycotoxin recovery and cleaned up via immunoaffinity columns or other methods to remove interferences. The purified extract is analyzed by LC‑MS/MS, with each mycotoxin detected through specific mass transitions. Calibration with mycotoxin standards and internal quality control samples ensure reliable quantification.	Results are reported in ppb. Non-detect or very low levels indicate that mycotoxin contamination is minimal, while elevated values necessitate corrective action and further investigation. The data are critical for ensuring food safety and guiding product recalls if necessary.	13	Aflatoxin B1 Aflatoxin B2 Aflatoxin G1 Aflatoxin G2 Deoxynivalenol Fumonisin B1 Fumonisin B2 Fumonisin B3 Fusarium Toxin (T-2) Mycotoxin HT-2 Ochratoxin A Total Aflatoxins (B1, B2, G1, G2) Zearalenone
N-Acetylcysteine (N-Acetyl-L-Cysteine)	Phytochemical, Vitamin, and Actives	7-10 days	5	This assay quantifies N-acetylcysteine (NAC), a stable derivative of the amino acid cysteine widely used in supplements for antioxidant support and glutathione production. Using HPLC, it measures NAC content in raw materials and finished products to confirm label claims, ensure potency, and detect degradation.	Samples are extracted in aqueous or methanolic solution and analyzed by HPLC with UV detection at a compound-specific wavelength (typically ~210 nm). Quantification is performed using certified NAC standards, with internal standard correction and duplicate injections to ensure precision and reproducibility.	Results are reported in mg per g or per serving. Values are compared with declared label claims and formulation targets to verify potency, support stability checks, and confirm compliance with product specifications.	1	N-Acetylcysteine (N-Acetyl-L-Cysteine)
N-Acetyl-L-Carnitine (Acetyl-L-Carnitine)	Phytochemical, Vitamin, and Actives	7-10 days	5	This test quantifies N-Acetyl-L-Carnitine (ALCAR), a compound important for cellular energy metabolism and neurological function, using LC-MS/MS. It is applicable to raw materials, capsules, powders, and finished dietary supplements. The method offers sensitive detection with a reporting limit of 0.1 mg/kg, ensuring accurate measurement for quality control and regulatory compliance.	Samples are prepared by extracting 0.5 g of material with 10 mL of methanol-water (80:20 v/v) followed by centrifugation and filtration. The extract is analyzed using liquid chromatography-tandem mass spectrometry (LC-MS/MS) with electrospray ionization in positive mode, monitoring specific MRM transitions for ALCAR. Quantification is performed using a calibration curve generated from certified ALCAR reference standards ranging from 0.1 to 50 mg/L. Method accuracy and precision are verified through duplicate injections, spiked recovery samples, and quality control standards analyzed alongside each batch.	Testing confirms label accuracy, verifies purity, and supports consistency in products formulated with carnitine derivatives.	1	N-Acetyl-L-Carnitine (Acetyl-L-Carnitine)
N-Acetyl-L-Tyrosine	Phytochemical, Vitamin, and Actives	7-10 days	5	This assay quantifies N-acetyl-L-tyrosine (NALT), an acetylated derivative of the amino acid tyrosine used in nootropic and performance supplements. Using HPLC, it measures NALT content in raw materials and finished products to verify potency, ensure label accuracy, and confirm consistency across production batches.	Samples are extracted in aqueous or methanolic solution and analyzed by HPLC with UV detection at a compound-specific wavelength (typically ~274 nm for aromatic amino acids). Quantification is performed using certified N-acetyl-L-tyrosine reference standards, with internal standard correction and duplicate injections to ensure reproducibility and accuracy.	Results are reported in mg per g or per serving. Values are compared against declared label claims and formulation specifications to confirm dosing accuracy, detect degradation, or identify adulteration.	1	N-Acetyl-L-Tyrosine
Naringin	Phytochemical, Vitamin, and Actives	7-10 days	5	This test quantifies naringin, a flavanone glycoside and the primary bitter bioactive compound found in grapefruit and other citrus fruits, in dietary supplements, citrus extracts, and raw materials using High-Performance Liquid Chromatography with UV detection (HPLC-UV). Naringin is widely used as a potency marker for grapefruit and citrus bioflavonoid extracts and has been studied for its antioxidant, anti-inflammatory, and lipid-modulating properties. Results are reported in mg per serving or as a percentage of extract weight to support label claim verification and cGMP compliance.	A representative sample is weighed and extracted using a methanol or ethanol-water solvent system with sonication or gentle heating to ensure complete solubilization of naringin from the matrix. The extract is filtered, diluted to volume, and injected onto a reversed-phase C18 HPLC column. Detection is performed by UV at approximately 283–284 nm, and quantification is performed against a multi-point external calibration curve prepared from a certified naringin reference standard. System suitability and QC samples are run concurrently to confirm method accuracy and reproducibility across the analytical run.	Naringin is the primary standardization marker for grapefruit extract and citrus bioflavonoid ingredients, and accurate quantification is essential for verifying extract potency and label claim compliance. HPLC-UV provides the selectivity needed to resolve naringin from structurally related flavonoids — including hesperidin, narirutin, and neohesperidin — that are commonly co-present in citrus-derived matrices, delivering reliable potency data for both raw material qualification and finished product release testing.	1	Naringin
Nattokinase FU - Industry Method	Phytochemical, Vitamin, and Actives	11-13 days	30				1	Nattokinase
Nicotinamide Adenine Dinucleotide (NAD)	Phytochemical, Vitamin, and Actives	7-10 days	5	This assay quantifies NAD⁺ (nicotinamide adenine dinucleotide), a vital coenzyme involved in redox reactions and mitochondrial energy metabolism. Using HPLC, it verifies NAD⁺ content in supplements and functional products to confirm bioactive potency and support claims related to energy, longevity, and cellular health.	Samples are extracted under cold, acid-stabilized conditions to preserve NAD⁺ integrity, then analyzed by HPLC with UV detection at a compound-specific wavelength. Quantification is performed using certified NAD⁺ standards with internal standard correction and duplicate injections to ensure precision.	Results are reported in mg per g or per serving. Values are compared to formulation targets and label claims to confirm potency and detect degradation, which NAD⁺ is particularly susceptible to in heat or pH-variable environments.	1	Nicotinamide Adenine Dinucleotide (NAD)
Nicotinamide Riboside	Phytochemical, Vitamin, and Actives	7 days	5	This assay quantifies nicotinamide riboside, a bioavailable form of vitamin B3 that acts as a precursor to NAD⁺. The test measures active content using LC-MS/MS to ensure potency and formulation accuracy in supplements targeting metabolic and cellular health.	Samples are extracted under controlled conditions to preserve nicotinamide riboside. The extract is analyzed by LC-MS/MS with detection based on specific mass transitions. Calibration with high-purity standards, along with internal standard correction and duplicate runs, ensures reliable quantification.	Results are provided in mg per 100 g or per serving. The values are compared with expected targets and label claims. Stable levels across batches confirm formulation consistency, while deviations may indicate instability or degradation.	1	Vitamin B3 (Nicotinamide Riboside)
Nicotine	Phytochemical, Vitamin, and Actives	5 Days	5	This assay quantifies nicotine levels in food or plant-derived products using high-performance liquid chromatography (HPLC). Nicotine is an alkaloid commonly found in tobacco and related species, and its measurement is critical in ensuring compliance with regulatory standards and validating product labeling. The method uses a validated HPLC protocol that isolates nicotine from complex matrices, achieving accurate quantification with minimal interference.	Samples are homogenized and subjected to solvent extraction using a method optimized for nicotine recovery. After filtration and cleanup, the extract is analyzed by HPLC, which separates nicotine from other matrix components based on retention time. Quantification is performed using UV detection against calibration curves prepared with qualified reference standards. Quality controls and internal standards ensure reproducibility and accuracy.	Results are reported as numerical concentrations (typically in ppm or µg/g). Lower values indicate minimal nicotine presence, often consistent with regulatory thresholds for non-tobacco products. The results support both compliance verification and quality control for product consistency across batches.	1	Nicotine
Nitrate	Contaminants	7-8 days	250	This assay quantifies nitrate (NO₃⁻). Results reflect the concentration of nitrate, a naturally occurring compound that can accumulate through agricultural practices or environmental contamination.		Results are reported in mg/L (water, beverages) or mg/kg (solids) and can also be converted to mg/serving for finished products. Monitoring nitrate ensures compliance with drinking water standards, verifies label claims for nitrate-rich foods (e.g., beetroot), and helps assess product safety.	1	Nitrate (as NO3)
Nitrate – Beet Juice/Powders	Phytochemical, Vitamin, and Actives	11-13 days	10	This assay quantifies nitrate content in beet juice, powders, and related raw materials using Ion Chromatography (IC). It measures nitrate ions directly, ensuring accurate assessment of beet products marketed for cardiovascular support, endurance, and nitric oxide boosting effects.	Samples are dissolved in water and filtered before analysis by ion chromatography with conductivity detection. Nitrate ions are separated on an anion-exchange column and quantified against certified nitrate standards. Duplicate injections and QC samples are run to ensure reproducibility and accuracy.	Results are reported in mg/g (powders) or mg/100 mL (juices), and may also be expressed per serving. Values are compared against product specifications and label claims to confirm potency and detect batch-to-batch variability.	2	Nitrate (as Nitrogen) Nitrate (as NO3)
Nitrite	Contaminants	7-8 days	10	This assay quantifies nitrite (NO₂⁻), a reactive nitrogen species that can form naturally in foods or as a preservative byproduct. Monitoring nitrite helps assess product safety, prevent excess intake, and verify compliance with food and water regulations.	Samples are analyzed for nitrite content using validated analytical instrumentation with calibration against certified standards. Quality controls and duplicate runs ensure accuracy and reproducibility.	Results are reported in mg/L (water, beverages) or mg/kg (solids), with the option to convert to mg/serving for finished products. Testing confirms compliance with regulatory limits, supports label claims, and ensures consumer safety.	1	Nitrite (as NO2)
NMN (Nicotinamide mononucleotide)	Phytochemical, Vitamin, and Actives	7-10 days	5	This assay quantifies NMN (Nicotinamide Mononucleotide), a precursor to NAD⁺ widely used in longevity and mitochondrial health supplements. Using HPLC, it verifies NMN content in raw materials and finished products to ensure label accuracy, proper dosing, and product stability.	Samples are extracted in aqueous or buffered solution and analyzed by HPLC with UV detection at a compound-specific wavelength (typically ~260 nm). Quantification is performed using certified NMN standards with internal standard correction and duplicate injections to ensure precision and	Results are reported in mg per g or per serving. Values are compared to formulation targets and declared label claims to confirm potency and detect degradation or adulteration.	1	Nicotinamide Mononucleotide
Non-GMO Testing	Allergen	2-3 days	300	This test evaluates an ingredient or finished product for the presence of detectable genetically modified organism (GMO) DNA using polymerase chain reaction (PCR)-based analysis. The assay is designed for materials derived from crops with commercially relevant genetically engineered varieties, such as corn, soy, canola, cotton, sugar beet, alfalfa, papaya, potato, or other applicable source crops. Testing may be performed as a qualitative screening assay, a crop-specific assay, an event-specific assay, or a quantitative real-time PCR (qPCR) assay, depending on the product’s declared species, intended claim, regulatory jurisdiction, and requested reporting threshold.	A representative sample is homogenized under contamination-controlled conditions, and DNA is extracted using a validated method appropriate for the matrix. DNA yield, purity, amplifiability, and the presence of PCR inhibitors are evaluated using suitable internal controls, including a species-specific endogenous gene target where applicable. Extracted DNA is analyzed by conventional PCR and/or real-time qPCR using validated primer and probe sets for relevant GMO screening elements and crop-specific targets. Appropriate assay controls are included in each batch, including extraction blanks, no-template controls, positive GMO DNA controls, non-GMO negative controls, and internal amplification controls. Where the initial screening assay indicates the presence of a GMO-associated sequence, confirmatory testing is performed using additional target-specific methods when sufficient sample DNA and applicable event coverage are available.	PCR is the most direct and widely accepted analytical approach for detecting genetically engineered plant material because it targets DNA sequences introduced, modified, or associated with specific GMO events. Compared with protein-based assays, PCR remains useful for many processed materials where genetically engineered proteins may be degraded or absent, provided that amplifiable DNA remains in the sample. Use of multiple screening targets, taxon-specific controls, and confirmatory event-specific methods improves confidence in the result and helps distinguish true positive findings from environmental or laboratory contamination. The test supports supplier qualification, raw-material verification, non-GMO claim substantiation, and quality-system documentation under dietary supplement cGMP requirements in 21 CFR 111.	1	Non-GMO Testing
Nutrition Facts Panel	Phytochemical, Vitamin, and Actives	11-13 days	450	This comprehensive assay compiles a full nutritional profile of a food product by integrating results from multiple individual tests. It measures macronutrients, fiber, vitamins, minerals, and other components to provide the complete data required for label statements and nutritional information.	The sample is subjected to a series of standardized assays (e.g., Dumas for protein, Soxhlet for fat, AOAC methods for fiber, HPLC for vitamins) under controlled conditions. Data from each test are compiled and cross-checked against quality control samples. The final nutritional facts panel is reviewed for accuracy before reporting.	Results are delivered as quantitative values (e.g., calories, grams per serving) for each nutrient. These data enable manufacturers to verify that their products meet nutritional targets and comply with labeling requirements. The integrated panel provides a clear overview of the product’s nutritional composition.	20	Ash Calcium Calories Calories from Fat Carbohydrate Cholesterol Crude Fat Dietary Fiber Fat - Acid Hydrolysis GC (NLEA) Fat Iron Moisture Net Carbohydrates Potassium Protein Saturated Fat Sodium Sugars Total Vit D (D2 + D3) Trans Fat
Odor	Contaminants	11-13 days	250	This assay assesses odor characteristics of a sample, typically through sensory evaluation against standard reference conditions. Odor can indicate contamination, off-flavors, or formulation inconsistencies.	Samples are evaluated under controlled conditions to detect the presence, intensity, and character of odors. Results are compared to baseline or regulatory specifications to determine acceptability.	Results are reported qualitatively (e.g., “no abnormal odor detected” / “chlorinous,” “earthy,” etc.) or semi-quantitatively (odor intensity rating). Testing helps ensure consistent product quality, identify potential contamination, and protect brand integrity.	1	Odor
Organoleptics	Stability	5 days	25	This test evaluates the key organoleptic and physical characteristics of a product, including appearance, color, odor, packaging integrity, and texture, through structured sensory inspection. Organoleptic testing is a critical component of incoming raw material and finished product release testing, providing a rapid first-line assessment of product identity, quality, and consistency before more detailed analytical testing is performed. Results are reported as pass/fail against predefined product specifications.	A representative sample is visually and physically inspected by a trained analyst under standardized lighting and environmental conditions. Each attribute — appearance, color, odor, packaging integrity, and texture — is evaluated against documented product specifications and reference standards. Observations are recorded on a standardized inspection form, and any deviation from specification triggers further investigation or rejection. Packaging integrity is assessed for seal quality, label accuracy, and absence of damage or contamination.	Organoleptic evaluation is one of the most fundamental quality control checks in the supplement and food industry. Deviations in color, odor, or texture can indicate ingredient degradation, contamination, incorrect raw materials, or a manufacturing process failure — issues that may not be immediately apparent from chemical testing alone. Establishing a documented sensory inspection protocol ensures consistent, reproducible assessments across analysts and batches, supporting cGMP compliance and reducing the risk of releasing non-conforming product.	6	Appearance Aroma Color Flavor Physical Description Texture
PABA (4-Aminobenzoic Acid)	Phytochemical, Vitamin, and Actives	7-10 days	5	This assay measures PABA (para-aminobenzoic acid), a B-complex–related compound used in nutritional and cosmetic formulations. HPLC provides accurate and selective quantification of PABA in raw materials and finished products.	Samples are extracted and analyzed under validated HPLC chromatographic conditions. PABA is separated from related aromatic compounds and detected via UV absorbance. Quantitation is performed with certified reference standards; calibration curves and replicate injections ensure accuracy and reproducibility.	Testing confirms label claims, verifies purity, and ensures consistency across production batches.	1	PABA (4-Aminobenzoic Acid)
Palmitoylethanolamide (PEA) / Palmitic Acid Monoethanolamide	Phytochemical, Vitamin, and Actives	7-10 days	5	This assay measures palmitoylethanolamide (PEA), also known as palmitic acid monoethanolamide, using High-Performance Liquid Chromatography (HPLC). The analysis provides accurate quantification for quality control and standardization in raw materials and finished products.	Samples are extracted and analyzed under validated HPLC chromatographic conditions. PEA is separated from related fatty acid ethanolamides and detected via UV or diode-array detection. Quantitation is performed using certified reference standards, with calibration curves and replicate injections ensuring accuracy and reproducibility.	Testing verifies label claims, confirms ingredient purity, and ensures batch-to-batch consistency.	1	Palmitoylethanolamide (PEA)
Panax Ginseng Root ID	Phytochemical, Vitamin, and Actives	11-13 days	10	This test confirms the botanical identity of Panax ginseng root in raw materials and finished products using High-Performance Thin-Layer Chromatography (HPTLC). The characteristic ginsenoside fingerprint of the sample is compared against a certified Panax ginseng reference standard to confirm species authenticity and detect substitution with related species such as American ginseng (P. quinquefolius) or Siberian ginseng (Eleutherococcus senticosus). Results are reported as confirmed identity or non-conforming.	A representative sample is extracted using methanol and applied alongside a certified Panax ginseng reference standard onto an HPTLC silica gel plate. The plate is developed in a validated solvent system, derivatized with anisaldehyde-sulfuric acid reagent, and the resulting fingerprint is compared visually and by densitometric scanning to the reference standard in terms of Rf values, band positions, and color profile.	Panax ginseng is one of the most frequently adulterated botanical ingredients globally, with substitution by less expensive ginseng species a well-documented industry problem. HPTLC identity testing provides a rapid and defensible confirmation of botanical species, supporting supplier qualification and cGMP compliance under 21 CFR 111.		
p-Anisidine Value	Stability	5-7 days	25	This assay measures the p‑anisidine value, which quantifies secondary oxidation products (aldehydes) in fats and oils. It provides an indication of the extent of oxidative deterioration during storage or processing, serving as a key quality parameter for fat freshness.	A measured fat sample is reacted with a p‑anisidine reagent under controlled conditions. After incubation, the intensity of the color developed is measured by spectrophotometry. The absorbance is then converted to a p‑anisidine value using a calibration factor derived from standard solutions. Duplicate analyses and quality controls ensure reliable results.	Results are presented as a numerical value; lower values indicate minimal oxidation and fresher fat quality, while higher values suggest increased oxidation and potential rancidity. These values help manufacturers monitor shelf life and determine the need for antioxidant interventions.	1	p-Anisidine Value
Parabens	Contaminants	11-13 days	50	This assay quantifies individual and total parabens using Liquid Chromatography–Tandem Mass Spectrometry (LC-MS/MS). The method provides highly sensitive, selective detection of paraben esters across complex matrices, ensuring precise quantitation at trace levels.	Samples are extracted with organic solvent, filtered, and analyzed by LC-MS/MS under validated chromatographic conditions. Multiple Reaction Monitoring (MRM) is used to detect each paraben’s characteristic ion transitions. Calibration with certified standards and quality controls ensures accuracy and reproducibility.	Results are reported in µg/g (solids) or µg/mL (liquids). Testing confirms compliance with safety regulations, verifies preservative levels, and supports clean-label or “paraben-free” product claims.	6	Butylparaben Ethylparaben Isobutylparaben Isopropylparaben Methylparaben Propylparaben
Particle Size by Sieve (single mesh)	Stability	7-10 days	50	This test measures the particle size distribution of a powder or granular material by passing it through a single mesh sieve of a defined aperture size, as specified in USP <786> (Particle Size Distribution Estimation by Analytical Sieving). It determines the percentage of material retained on or passing through the sieve, providing a direct measure of compliance with particle size specifications. The test is applicable to raw material powders, excipients, and granulated finished products. Results are reported as the percentage retained (or passing) at the specified mesh size.	A pre-weighed sample is loaded onto a single sieve of the specified mesh size and subjected to mechanical agitation for a defined duration under controlled conditions, per USP <786>. Following sieving, the mass retained on the sieve and the mass passing through are each weighed. The percentage retained and percentage passing are calculated relative to the initial sample weight. The sieve is inspected before and after use to confirm mesh integrity, and results are reported against the product-specific acceptance criterion.	Particle size directly affects the physical and functional properties of powders and granules, including blend homogeneity, flowability, compressibility, and dissolution rate. A single-mesh sieve test provides a rapid, cost-effective pass/fail assessment against a defined specification, making it a standard incoming quality control check for raw materials and an in-process control for granulation and milling operations.	1	Particle Size by Sieve (single mesh)
Particle Size Test	Stability	8-10 days	20	This test measures the particle size distribution of powders, granules, and liquid suspensions using laser diffraction, per USP <429> (Light Diffraction Measurement of Particle Size). Laser diffraction measures the angular pattern of light scattered by particles as they pass through a laser beam, generating a full particle size distribution curve with key reporting parameters including D10, D50, D90, and span values. Unlike single-mesh sieve testing, laser diffraction characterizes the complete size distribution across the full sample population, making it the preferred method for fine powders, micronized ingredients, and nanosuspensions where sieve analysis is impractical. Results are reported in micrometers (µm).	A representative sample is dispersed in either a dry powder module (for free-flowing powders) or a liquid dispersant medium (for fine or cohesive powders and suspensions) appropriate to the material being tested. The dispersed sample is passed through the laser beam of the diffractometer, and the angular light scattering pattern is measured and converted to a particle size distribution using Mie or Fraunhofer optical theory, as appropriate for the particle size range and refractive index of the material.	Particle size is a critical quality attribute that directly influences the dissolution rate, bioavailability, flowability, blending uniformity, and aerosolization performance of powdered ingredients. Laser diffraction provides a rapid, reproducible, and high-resolution full distribution profile that is far more informative than a single-point sieve result, making it the method of choice for micronized actives, botanical powders, and any ingredient where particle size is a defined specification parameter.		
Passionflower (Passiflora incarnata)	Phytochemical, Vitamin, and Actives	10-12 days	10	This assay verifies the identity of Passiflora incarnata using High-Performance Thin-Layer Chromatography (HPTLC). Characteristic chromatographic fingerprints are compared against authenticated reference material to confirm botanical identity.	Samples are extracted and applied to an HPTLC plate alongside reference standards. After chromatographic development and visualization under appropriate conditions, the resulting banding pattern is evaluated and compared to the reference profile for identity confirmation.	Testing supports raw material authentication, supplier verification, and quality control for botanical ingredients.		
PDCAAS	Phytochemical, Vitamin, and Actives	15 days	80	Initially, a sample is measured for the Amino Acid composition using method AOAC 994.12. A human digestion simulation follows, breaking down the proteins into amino acids, which are reacted with Ninhydrin and measured; determining the digestibility. Taking the limiting amino acid value the digestibility is corrected resulting in a Protein Digestibility Corrected Amino Acid Score (PDCAAS).	The sample undergoes controlled enzymatic digestion using the patented in vitro method. The extent of protein breakdown is measured and used to calculate PDCAAS.	Results are reported on a 0–1 scale. A score of 1.0 indicates high-quality protein, while lower scores suggest amino acid limitations or reduced digestibility.	1	PDCAAS
Peanut Allergen	Allergen	2 days	5	This assay detects peanut proteins in food samples using a highly specific immunoassay. It is essential for verifying that products labeled as peanut‑free are free from cross-contact, thereby protecting consumers with peanut allergies.	Samples are extracted in a protein-solubilizing buffer and applied to ELISA plates pre-coated with antibodies against peanut proteins. After incubation and thorough washing, a secondary enzyme-linked antibody is added, and a colorimetric reaction is developed. The resulting absorbance is compared to a calibration curve created from known peanut protein standards, with duplicate wells and controls ensuring accuracy.	Results are reported in parts per million (ppm) of peanut protein. Values below the detection limit confirm the absence of peanut allergens, while any measurable level suggests potential cross-contact that may require process modifications.	1	Peanut Allergen
Peroxide Value	Stability	5-7 days	25	This assay determines the peroxide value of fats and oils, indicating the extent of primary oxidation. It measures the concentration of hydroperoxides formed during processing or storage, serving as an indicator of product freshness and stability.	A measured fat sample is dissolved in a suitable solvent and reacted with the reagents provided in the test kit. The resulting color change is measured by UV/Vis spectrophotometry. The absorbance is converted to a peroxide value using a calibration factor from standard solutions, and duplicate tests ensure reliability.	Results are reported in milliequivalents of peroxide per kilogram of fat. Lower values suggest fresher, less oxidized fat, while higher values indicate increased oxidation that may affect flavor and shelf life. The numerical data help manufacturers assess storage conditions and antioxidant effectiveness.	1	Peroxide Value
Pesticides	Contaminants	5-7 days	50	This assay detects and quantifies pesticide residues using QuEChERS extraction followed by dual-platform analysis with LC-MS/MS and GC-MS/MS. The method covers a wide scope of pesticide classes—including organophosphates, pyrethroids, carbamates, neonicotinoids, and herbicides—offering comprehensive residue profiling across diverse matrices.	Samples undergo QuEChERS extraction to isolate pesticide residues, then are analyzed by both LC-MS/MS and GC-MS/MS under validated conditions. Compounds are identified and quantified using multiple reaction monitoring (MRM), retention time confirmation, and certified reference standards. Quality controls and matrix spikes ensure accuracy, precision, and reproducibility.	Testing verifies compliance with international safety regulations, identifies contamination in herbal and food products, and supports clean-label and purity claims.	176	3-Hydroxycarbofuran Acephate Acetamiprid Acetochlor Aldicarb Aldicarb Sulfone Aldicarb Sulfoxide Allethrin Atrazine Azinphos Methyl Azoxystrobin Bendiocarb BHC - alpha (Benzene Hexachloride) BHC - Gamma (Lindane, gamma HCH) Bifenazate Bifenthrin Bitertanol Boscalid Bromacil Buprofezin Captan Carbaryl Carbendazim (MBC) Carbofuran Chlorantraniliprole Chlordane - cis (alpha) Chlordane - trans (gamma) Chlorfenapyr Chlorothalonil Chlorpropham Chlorpyrifos Chlorpyrifos Methyl Clofentezine Clothianidin Coumaphos Cyazofamid Cycloate Cyfluthrin Cyhalothrin Total Cypermethrin Cyprodinil Cyromazine DCPA DDD o,p' DDD p,p' DDE o,p' DDE p,p' DDT o,p' DDT p,p' DEF (Tribufos) Deltamethrin Diazinon Diazinon Oxygen Analog Dichlorvos (DDVP) Dicofol o,p' Dicofol p,p' (Kelthane) Dieldrin Difenoconazole Diflubenzuron Dimethoate Dimethomorph Dinotefuran Diphenamid Diphenylamine (DPA) Disulfoton Disulfoton Sulfone Diuron Endosulfan I Endosulfan II Endosulfan Sulfate Endrin Esfenvalerate+Fenvalerate Total Ethephon Ethion Ethoprop Ethoxyquin Etoxazole Famoxadone Fenamidone Fenamiphos Fenarimol Fenbuconazole Fenhexamid Fenpropathrin Fenpyroximate Fenthion Fipronil Flonicamid Fludioxonil Fluoxastrobin Fluridone Flutolanil Fluvalinate Folpet Fonofos Formetanate Hydrochloride Heptachlor Epoxide Hexachlorobenzene (HCB) Hexaconazole Hexythiazox Imazalil Imidacloprid Indoxacarb Iprodione Linuron Malathion Malathion Oxygen Analog Metalaxyl Methamidophos Methidathion Methiocarb Methomyl Methoxychlor Total Methoxyfenozide Metolachlor Metribuzin Mevinphos Total MGK-264 Myclobutanil Naled Naphthol, 1- Napropamide Nonachlor, cis- Nonachlor, trans- Norflurazon Omethoate Oxadixyl Oxamyl Parathion Methyl Pendimethalin Pentachloroaniline (PCA) Pentachlorobenzene (PCB) Pentachlorothioanisole Permethrin Total Phenmedipham Phenylphenol, O- Phorate Sulfone Phorate Sulfoxide Phosalone Phosmet Piperonyl Butoxide Pirimicarb Pirimiphos Methyl Prochloraz Procymidone Prometryn Propargite Propiconazole Pymetrozine Pyraclostrobin Pyridaben Pyrimethanil Pyriproxyfen Quintozene (PCNB) Resmethrin Simazine Spinetoram Spiromesifen Total Sulfentrazone Tebuconazole Tebufenozide Teflubenzuron Tetrachlorvinphos Tetradifon Tetrahydrophthalimide (THPI) Thiabendazole Thiacloprid Thiamethoxam Thiobencarb Thiodicarb Triadimefon Triadimenol Trifloxystrobin Triflumizole Trifluralin Vinclozolin
Pesticides - FDA Import / Export	Contaminants	7 days	200	This assay screens for a broad spectrum of pesticide residues in food products to support international trade compliance. It uses both LC‑MS/MS and GC‑MS/MS to detect a wide range of pesticide classes, ensuring that the product meets safety standards for export and import.	Samples are extracted using a multi-residue extraction procedure, then cleaned up to reduce matrix interferences. The extract is split for analysis by LC‑MS/MS (for polar pesticides) and GC‑MS/MS (for nonpolar compounds). Calibration is done with multi-residue standards, and quality control samples (including matrix spikes and replicates) verify the method’s performance.	Results are provided in ppb for each detected pesticide residue. Non‑detectable or very low levels indicate compliance with international safety expectations, while higher residues may restrict market access or require corrective actions.	494	3-Hydroxycarbofuran Acephate Acetamiprid Acetochlor Acibenzolar-S-methyl Acrinathrin Alachlor Alanycarb Aldicarb Aldrin Allethrin Allidochlor Ametryn Amicarbazone Aminocarb Amitraz Anilazine Anthraquinone Aspon Aspon (Tetrapropyl Thiodiphosphate) Atrazine Azinphos - Ethyl Azoxystrobin BAP(6-benzylaminopurine) Benalaxyl Bendiocarb Benfluralin Benfuracarb Benoxacor Bensulide Benzoximate BHC - alpha (Benzene Hexachloride) BHC - beta BHC - delta BHC - Gamma (Lindane, gamma HCH) Bifenazate Bifenox Bifenthrin Bioresmethrin (Resmethrin - trans) Biphenyl Bitertanol Bitertanol Total Boscalid Bromacil Bromfenvinphos Bromfenvinphos - Methyl Bromophos Bromophos - Ethyl Bromopropylate Bromuconazole Bupirimate Buprofezin Butachlor Butafenacil Butocarboxim Butoxycarboxim (Butocarboxim Sulfone) Butralin Butylate Cadusafos Captafol Captan Carbaryl Carbendazim Carbetamide Carbofuran Carbophenothion Carbophenothion - Methyl (Miethyl Trithion) Carbosulfan Carboxin Carboxine Carfentrazone-ethyl Carfentrazone - Ethyl Chlorantraniliprole Chlorbenside Chlordane - cis (alpha) Chlordane - oxy Chlordane - trans (gamma) Chlordimeform Chlorfenapyr Chlorfenson Chlorfenvinphos Chlorfluazuron Chlorimuron-ethyl Chlornitrofen Chlorobenzilate Chloroneb Chlorothalonil Chloroxuron Chlorpropham Chlorpyrifos Chlorthal - Dimethyl (Dacthal, DCPA) Chlorthion Chlorthiophos Chlortoluron Chlozolinate Clethodim Clofentezine Clomazone Clothianidin Coumaphos Crotoxyphos Cumyluron Cyanazine Cyanofenphos Cyanophos Cyantraniliprole Cyazofamid Cycloate Cycloxydim Cycluron Cyflufenamid Cyfluthrin Total Cyhexatin Cymiazole Cymoxanil Cypermethrin Total Cyproconazole Cyprodinil Cyromazine Daimuron DEF (Tribufos) Deltamethrin Demeton-S-Methyl Desmedipham Desmetryn Diafenthiuron Diallate Total Diazinon Diazinon-oxon (Diazoxon) Dichlofenthion Dichlofluanid Dichloroaniline, 3,4- Dichlorobenzonitrile, 2,6- (Dichlobenil) Dichlorobenzophenone, 4,4- Dichlorvos Diclobutrazol Diclofop - Methyl Dicloran (Dichloran) Dicofol Dicrotofos (Dicrotophos) Dicrotophos Dieldrin Diethofencarb Difenoconazole Difenoconazole Total Diflubenzuron Dimethachlor Dimethenamide Dimethoate Dimethomorph Dimethomorph Total Dimoxystrobin Diniconazole Dinitramine Dinotefuran Dioxacarb Dioxathion Diphenamid Diphenylamine DIPN, 2,6- Disulfoton Disulfoton Sulfone Diuron DMST Dodine Doramectin Edifenphos Emamectin Endosulfan Ether Endosulfan I (alpha Isomer) Endosulfan II (beta Isomer) Endosulfan Sulfate Endrin Endrin Aldehyde Endrin Ketone EPN Epoxiconazole Eprinomectin EPTC Esprocarb Etaconazole Etaconazole I Ethalfluralin Ethidimuron Ethiofencarb Ethiofencarb-sulfoxide Ethiolate Ethion Ethiprole Ethirimol Ethofumesate Ethoprop Ethoprophos (Ethoprop) Ethoxyquin Ethylan (Perthane) Etobenzanid Etofenprox (Ethofenprox) Etoxazole Etridiazole (Terrazole, Echlomezol) Etrimfos Famoxadone Famphur Fenamidone Fenamiphos (Phenamiphos) Fenamiphos Sulfone Fenarimol Fenazaquin Fenbuconazole Fenbutatin Oxide Fenfuram Fenhexamid Fenitrothion Fenobucarb Fenoxycarb Fenpropathrin Fenpropimorph Fenpyroximate Fenson Fensulfothion Fenthion Fenuron Fenvalerate Total Fipronil Flonicamid Fluazifop-butyl Flubendiamide Fluchloralin Flucythrinate Total Fludioxonil Flufenacet Flufenoxuron Fluometuron Fluopicolide Fluopyram Fluoxastrobin Flupyradifurone Fluquinconazole Flurenol - Butyl Fluridone Flusilazole Flutolanil Flutriafol Fluvalinate Total Fluxapyroxad Folpet Fomesafen Fonofos Forchlorfenuron Formetanate Fuberidazole Furalaxyl Halofenozide Heptachlor Heptachlor Endo-Epoxide (Isomer A) Heptachlor Exo-Epoxide (Isomer B) Heptenophos Hexachlorobenzene Hexaconazole Hexaflumuron Hexazinone Hexythiazox Hydramethylnon Imazalil Imibenconazole Imidacloprid Indaziflam Indoxacarb Iodofenfos Ipconazole Iprobenfos Iprodione Iprovalicarb Isazophos Isocarbamid Isocarbamid (Isocarbamide) Isocarbophos Isodrin Isofenphos Isoprocarb Isopropalin Isoprothiolane Isoproturon Ivermectin Karbutylate Kresoxim-methyl Kresoxim - Methyl Lactofen Lenacil Leptophos Linuron Lufenuron Malaoxon Malathion Mandipropamid Mecarbam Mefenacet Mepanipyrim Mepronil Metaflumizone Metalaxyl Metalaxyl & Mefenoxam Metaldehyde Metazachlor Metconazole Methacrifos Methamidophos Methfuroxam Methidathion Methiocarb Methomyl Methoprene Methoprotryne Methoxychlor olefin, 4,4- Methoxychlor, o,p Methoxychlor, p,p- Methoxyfenozide Metobromuron Metolachlor Metolcarb Metoxuron Metrafenone Metribuzin Mevinphos Mexacarbate MGK-264 Mirex Molinate Monocrotophos Monolinuron Moxidectin Myclobutanil N-(2,4-Dimethylphenyl)formamide Naled Naphthaleneacetamide, 1- Napropamide Neburon Nicotine Nitenpyram Nitralin Nitrapyrin Nitrofen Nitrothal - isopropyl Nonachlor, cis- Nonachlor, trans- Novaluron Nuarimol Omethoate Oxadiazon Oxadixyl Oxamyl Oxyfluorfen Paclobutrazol Paraoxon Paraoxon - Methyl Parathion Pebulate Penconazole Pencycuron Pendimethalin Pendimethalin (Penoxaline) Pentachloroaniline Pentachloroanisole Pentachlorobenzene Pentachlorobenzonitrile Pentachlorothioanisole Penthiopyrad Permethrin Total Phenothrin Total Phenthoate Phenylphenol, 2- Phorate Phorate Sulfone Phorate Sulfoxide Phosalone Phosmet Phosmet Oxon Phosphamidon I Phosphamidon II Phoxim Picoxystrobin Piperonyl Butoxide Pirimicarb Prallethrin Pretilachlor Prochloraz Procymidone Prodiamine Profenofos Profluralin Promecarb Prometon Prometryn Pronamide (Propyzamide) Propachlor Propamocarb Propanil (DCPA) Propargite Propazine Propetamphos Propham Propiconazole Propiconazole Total Propisochlor Propoxur Propyzamide (Pronamide) Proquinazid Prothiofos Pymetrozine Pyracarbolid Pyraclofos Pyraclostrobin Pyraflufen-ethyl Pyrazophos Pyrethrins Pyridaben Pyridaphenthion Pyrifenox Total Pyrimethanil Pyriproxyfen Quinalphos Quinoxyfen Quintozene Resmethrin, cis- (Cismethrin) Ronnel (Fenchlorphos) Sebuthylazine Secbumeton Sedaxane Sethoxydim Siduron Simazine Simetryn Spinetoram (J+L) Spinosyn Spirodiclofen Spirotetramat Spiroxamine Spiroxamine Total Sulfallate Sulfotep Sulfoxaflor Sulprofos Tebuconazole Tebufenozide Tebufenpyrad Tebupirimfos Tebutam Tebuthiuron Tecnazene (TCNB) Tefluthrin, cis- Temephos Tepraloxydim Terbacil Terbufos Terbumeton Terbuthylazine Terbutryn Tetrachloroaniline, 2,3,5,6- Tetrachlorvinphos, E-isomer Tetraconazole Tetradifon Tetrahydrophthalidimide, cis-1,2,3,6- Tetramethrin Total Thiabendazole Thiacloprid Thiamethoxam Thidiazuron Thiobencarb Thiofanox Thiometon Thionazin Thiophanate-methyl (as Carbendazim) Tolclofos - Methyl Tolfenpyrad Tolylfluanid Transfluthrin Triadimefon Triadimenol Triallate Triazophos Tricyclazole Tridemorph Tridiphane Trifloxystrobin Triflumizole Triflumuron Trifluralin Trimethacarb, 2,3,5- Trimethacarb, 3,4,5- Triticonazole Uniconazole Vamidothion Vernolate Vinclozolin Zoxamide
Pesticides - USP 561	Contaminants	7-10 days	200	This test screens for and quantifies pesticide residues — including organochlorine, organophosphate, pyrethroid, carbamate, and other agrochemical classes — in botanical raw materials, herbal extracts, and dietary supplements in accordance with USP General Chapter <561> (Articles of Botanical Origin). Pesticide contamination in botanical ingredients is a recognized quality and safety concern arising from agricultural practices, and compliance with established pesticide residue limits is required for botanical dietary supplements marketed in the United States and internationally. USP <561> specifies acceptable limits for a defined list of pesticide residues in articles of botanical origin and references analytical methodologies consistent with internationally harmonized approaches. Results are reported in milligrams per kilogram (mg/kg) or parts per million (ppm) for each pesticide detected, with findings compared against applicable USP <561> or regulatory action limits.	A representative sample is accurately weighed and subjected to a validated multi-residue extraction procedure, typically employing the QuEChERS (Quick, Easy, Cheap, Effective, Rugged, and Safe) method or an equivalent solvent extraction approach, followed by dispersive solid-phase extraction (dSPE) cleanup to remove co-extracted matrix interferences such as pigments, waxes, and lipids. The cleaned extract is analyzed by Gas Chromatography coupled with Mass Spectrometry (GC-MS/MS) for volatile and semi-volatile pesticides (organochlorines, organophosphates, pyrethroids) and by Liquid Chromatography coupled with Tandem Mass Spectrometry (LC-MS/MS) for polar and thermally labile pesticide classes (carbamates, neonicotinoids, systemic fungicides). Quantification is performed against matrix-matched multi-point calibration curves prepared from certified pesticide reference standards, with isotopically labeled internal standards used to correct for matrix effects and recovery variability. All results are compared against the pesticide residue limits specified in USP <561> and applicable regulatory guidelines.	Botanical ingredients are inherently susceptible to pesticide contamination due to their agricultural origin, and multi-residue pesticide screening is a critical component of botanical raw material qualification. USP <561> provides a harmonized, pharmacopeially recognized framework for pesticide residue testing of botanical articles, establishing specific limits for a broad range of agrochemicals relevant to botanical supply chains. The combination of GC-MS/MS and LC-MS/MS ensures comprehensive coverage of the full spectrum of pesticide classes, as no single analytical technique can adequately detect all relevant residues. This approach supports consumer safety, regulatory compliance, and cGMP requirements under 21 CFR 111.	69	Acephate Alachlor Aldrin & Dieldrin (Sum) Azinphos-ethyl Azinphos-methyl Bromophos-ethyl Bromophos-methyl Bromopropylate Chlordane (sum of c, t, oxy) Chlorfenvinphos Chlorpyrifos-ethyl Chlorpyrifos-methyl Chlorthal-dimethyl Cyfluthrin Cypermethrin DDT (sum of isomers) Deltamethrin Diazinon Dichlofluanid Dichlorvos Dicofol Dimethoate & Omethoate Dithiocarbamates (CS2) Endosulfan (sum of isomers) Endrin Ethion Etrimphos Fenchlorophos (& -oxon) Fenitrothion Fenpropathrin Fensulfothion (sum of isomers) Fenthion (sum of isomers) Fenvalerate Flucytrinate Fluvalinate Fonophos Heptachlor (sum of isomers) Hexachlorbenzene Hexachlorocyclohexane (sum of isomers) Lambda Cyhalothrin Lindane Malathion & Malaoxon Mecarbam Methacriphos Methamidophos Methidathion Methoxychlor Mirex Monocrotophos Parathion & Paraoxon -ethyl Parathion & Paraoxon -methyl Pendimethalin Pentachloroanisole Permethrin Phosalone Phosmet Piperonyl Butoxide Pirimiphos-ethyl Pirimiphos-methyl (sum of isomers) Procymidone Profenophos Prothiophos Pyrethrins Quinalphos Quintozene S-421 Tecnezene Tetradifon Vinclozolin
PFAS	Contaminants	5-7 days	50	This assay quantifies per- and polyfluoroalkyl substances (PFAS) in food products. PFAS are persistent chemicals known for their bioaccumulative potential and health risks. The method employs advanced LC‑MS/MS technology to detect very low levels of multiple PFAS compounds, ensuring sensitive and reliable measurement.	The sample is extracted using acid-assisted methods to release PFAS from the matrix, followed by cleanup to remove interfering substances. The extract is analyzed by LC‑MS/MS with multiple reaction monitoring for various PFAS compounds. Calibration with PFAS standards and rigorous quality control (including blank and spike recoveries) ensure data integrity.	Results are reported in ng/kg or µg/kg. Lower levels indicate minimal contamination, while any measurable level is significant given the persistence of PFAS. The data are used to assess consumer exposure and guide product safety decisions.	30	10:2 FTS 11Cl-PF3OUdS 4:2FTS 6:2FTS 8:2FTS 9Cl-PF3ONS DONA FOSA HFPO-DA PFBA PFBS PFDA PFDoA PFDoS PFDS PFHpA PFHpS PFHxA PFHxS PFNA PFNS PFOA PFOS PFPeA PFPeS PFTeDA PFTrDA PFTrDS PFUnA PFUnDS
pH	Stability	3 days	5	This assay measures the pH level of food, supplement, or cosmetic products to assess acidity or alkalinity. pH is a critical parameter for product stability, microbial safety, and regulatory compliance. It helps guide formulation adjustments and supports claims related to digestive health, skin compatibility, and shelf life.	Samples are homogenized and diluted (if required) according to matrix-specific protocols. pH is measured using a calibrated glass electrode and pH meter, compliant with standardized methods (e.g., AOAC, USP). Routine calibration is performed using certified buffer solutions (pH 4.0, 7.0, and 10.0), and measurements are conducted in duplicate to ensure precision and consistency.	Results are reported as unitless pH values, typically to two decimal places (e.g., 4.75). These values indicate the product’s acidity or alkalinity and are assessed against specification ranges for quality control, formulation integrity, and compliance. Deviations from expected pH may signal contamination, formulation drift, or stability issues that require corrective action.	1	pH
Phosphatidylcholine	Phytochemical, Vitamin, and Actives	11-13 days	10	This test quantifies phosphatidylcholine (PC), an essential phospholipid found in lecithin and cell membranes, using High-Performance Liquid Chromatography (HPLC). It is applicable to raw materials, finished products, capsules, and powders, providing precise measurement of PC content to ensure product quality and label accuracy. The method achieves detection limits suitable for trace-level quantification, with results reported in mg/g or percentage of total lipid content.	Samples are prepared by extracting lipids using a chloroform-methanol solvent mixture (2:1 v/v) followed by phase separation to isolate the lipid fraction. The extracted lipids are then injected into an HPLC system equipped with a C18 reverse-phase column. Phosphatidylcholine is detected using evaporative light scattering detection (ELSD) to enhance sensitivity for non-UV absorbing lipids. Quantification is performed by comparing peak areas to a calibration curve constructed from certified phosphatidylcholine reference standards. Method accuracy is verified through duplicate injections, inclusion of quality control samples, and spike recovery tests to confirm extraction efficiency and instrument precision.	Results are reported in % w/w (raw materials) or mg/serving (finished products). Testing confirms standardized potency, supports label claims, and ensures consistency of lecithin and lipid-based supplements.	1	Phosphatidylcholine
Phosphatidylserine	Phytochemical, Vitamin, and Actives	8-10 days	10	This test quantifies phosphatidylserine (PS) — a phospholipid and critical structural component of neuronal cell membranes, widely used in dietary supplements for its FDA-qualified health claim supporting cognitive function and dementia risk reduction — in raw materials, lecithin-derived extracts, and finished products using High-Performance Liquid Chromatography (HPLC). Phosphatidylserine is typically derived from soy or sunflower lecithin and is standardized to a defined PS content (commonly 20% or higher). Accurate quantification is essential for verifying label claims, confirming the potency of standardized PS concentrates, and ensuring that the declared amount of this functional phospholipid is present in the finished product. Results are reported as a percentage or in milligrams per gram or per serving.	A representative sample is accurately weighed and extracted using an appropriate lipid extraction solvent system (e.g., chloroform/methanol or isopropanol) to isolate the phospholipid fraction. The extract is filtered and analyzed by HPLC using a normal-phase or HILIC column with evaporative light scattering detection (ELSD) or charged aerosol detection (CAD), which are preferred over UV detection due to the absence of a strong UV chromophore in the phosphatidylserine headgroup. Where UV detection is employed, a wavelength of 205 nm may be used to detect the unsaturated fatty acid moieties. Quantification is performed against a multi-point external calibration curve prepared from a certified phosphatidylserine reference standard. Quality control samples are run concurrently to confirm method accuracy, precision, and linearity throughout the analytical run.	Phosphatidylserine is a complex phospholipid that co-occurs with other phospholipid classes — including phosphatidylcholine, phosphatidylethanolamine, and phosphatidylinositol — in lecithin-derived raw materials. HPLC with ELSD or CAD detection provides the chromatographic resolution needed to separate and specifically quantify the PS fraction from co-occurring phospholipids without the need for mass spectrometric detection, making it a practical and cost-effective method for routine quality control. This approach supports label claim substantiation, raw material qualification, and cGMP compliance under 21 CFR 111, and is consistent with the analytical requirements for products bearing FDA-qualified health claims for phosphatidylserine.	1	Phosphatidylserine
Phospholipids	Phytochemical, Vitamin, and Actives	11-13 days	10	This test identifies and quantifies phospholipids in raw materials and finished dietary supplement products using liquid chromatography–tandem mass spectrometry (LC-MS/MS). Depending on the validated assay scope and product matrix, the panel may include phosphatidylcholine (PC), phosphatidylethanolamine (PE), phosphatidylinositol (PI), phosphatidylserine (PS), phosphatidylglycerol (PG), phosphatidic acid (PA), lysophospholipids, and relevant sphingolipids. Individual molecular species may also be reported according to acyl-chain composition, such as PC 16:0/18:2 or PS 18:0/22:6. The assay is particularly suited to complex lipid-containing ingredients, including soy or sunflower lecithin, egg-derived phospholipids, krill oil, marine oils, milk-derived fractions, and phospholipid-enriched blends. Results can be reported as mg/g, mg/serving, % w/w, individual phospholipid-class concentration, individual molecular-species concentration, and/or total phospholipids calculated as the sum of validated phospholipid classes.	A representative sample is accurately weighed and subjected to a validated lipid-extraction procedure using an appropriate biphasic organic-solvent system, such as a modified Folch, Bligh–Dyer, or methyl tert-butyl ether extraction. Class-appropriate stable-isotope-labeled or structurally analogous internal standards are added before extraction to monitor recovery, ionization effects, and analytical variability. The lipid extract is concentrated, reconstituted in an LC-MS-compatible solvent, and analyzed by reversed-phase or hydrophilic-interaction liquid chromatography (HILIC), selected according to whether the validated method emphasizes separation by molecular species or phospholipid class. Tandem mass spectrometry is performed using validated electrospray-ionization conditions and compound-specific multiple-reaction-monitoring (MRM) or high-resolution MS/MS transitions. Analytes are identified by retention-time agreement, precursor-ion mass, characteristic fragment ions, and comparison with qualified reference standards. Quantification is based on multi-point calibration curves using certified or qualified phospholipid standards, with response correction by the corresponding internal standard where applicable. Method blanks, duplicate preparations, spike-recovery controls, calibration-verification standards, and quality-control samples are evaluated with each batch to confirm extraction efficiency, accuracy, precision, linearity, and absence of carryover or significant matrix interference.	Phospholipids are structurally diverse amphiphilic lipids that cannot be fully characterized by total phosphorus measurement or non-specific gravimetric lipid testing alone. LC-MS/MS provides molecular specificity that distinguishes phospholipid classes and individual acyl-chain species from triglycerides, sterols, glycolipids, free fatty acids, and formulation excipients. This distinction is especially important where a product claim relates to a particular phospholipid class, such as phosphatidylserine or phosphatidylcholine, or where the source and composition of a phospholipid-rich ingredient must be verified. The use of internal standards and MS/MS fragmentation improves quantitative reliability in complex matrices that may exhibit differential extraction recovery or ion-suppression effects. The assay supports incoming-material qualification, lot-to-lot consistency, label-claim substantiation, and dietary supplement cGMP quality-control requirements under 21 CFR 111.		
Phosphorus	Elemental	5-7 days	10		Samples are digested using acid-based microwave or wet digestion protocols, then analyzed by Inductively Coupled Plasma Mass Spectrometry (ICP-MS). Quantification is performed using certified aluminum standards with internal standard correction and quality control spikes to ensure precision and accuracy.	Results are reported in ppm (mg/kg) or ppb depending on matrix and application. Values are assessed against regulatory thresholds (e.g., FDA, EU, Prop 65) to detect contamination and ensure product safety.	1	Phosphorus
Phthalates	Contaminants	5-7 days	18	This assay tests for phthalates and phthalate substitutes—plasticizers used in packaging that can migrate into food and supplements. Some phthalates are linked to endocrine disruption and reproductive harm, and regulations restrict their use in certain products. Testing is performed in-house using GC-MS/MS to ensure accurate detection. The specific phthalates that are covered in this panel: DMP, DEP, DAP, DIBP, DBP, DMEP, DMPP, DEEP, DPP, DHP, BBP, DBEP, DCHP, DEHP, DPhP, DNOP, DINP, DNP, DIDA, DEHT, DIDP, DINCH, and DEHA.	Samples are extracted using a solvent system optimized for phthalate recovery, followed by cleanup (e.g., solid-phase extraction) to remove interferences. The purified extract is then analyzed using triple quadrupole GC-MS/MS, with calibration against certified standards and internal quality controls to ensure accurate and reliable measurements.	Results are expressed in ppb. Lower values indicate minimal migration of phthalates, while higher levels suggest potential contamination that could impact consumer safety and product compliance.	21	Benzylbutyl phthalate Bis (2-ethoxyethyl) phthalate Bis (2-ethylhexyl) phthalate Bis (2-methoxyethyl) phthalate Bis (2-n-butoxyethyl) phthalate Bis (4-methyl-2-pentyl) phthalate Di (2-ethylhexyl) terephthalate Diallyl phthalate Dibutyl phthalate Dicyclohexyl phthalate Diethylhexyl Adipate Diethyl phthalate Dihexyl phthalate Diisobutyl phthalate Diisodecyl phthalate Diisononyl ortho phthalate Dimethyl phthalate Di-n-octylphthalate Dinonyl phthalate Dipentyl phthalate Diphenylphthalate
Pine Nut Allergen	Allergen	2 days	5	This assay detects and quantifies pine nut protein using a specific ELISA (Enzyme-Linked Immunosorbent Assay). It confirms the presence or absence of pine nut contamination in food products, raw materials, or facility environments—critical for verifying “nut-free” claims and complying with allergen labeling requirements.	Samples are extracted using a validated buffer and tested with a pine nut-specific sandwich ELISA. Detection is based on antibody-antigen interaction with colorimetric readout, and results are quantified using a standard curve. Duplicate wells and positive/negative controls are included for quality assurance.	Results are reported in ppm (mg/kg) of pine nut protein. The method typically detects down to 1–5 ppm, providing sensitive detection for allergen risk assessment and label verification.	1	Pine Nut Allergen
Piperine (Bioperine)	Phytochemical, Vitamin, and Actives	7-10 days	5	This assay quantifies piperine, the active alkaloid in black pepper and the standardized extract marketed as BioPerine. Using HPLC, it verifies piperine content in capsules, blends, and bioenhanced formulations to ensure label accuracy and consistent dosing in absorption-support products.	Samples are extracted using alcohol-based solvents under controlled conditions and analyzed by HPLC with UV detection at a compound-specific wavelength. Quantification is performed using certified piperine standards, with internal standard correction and duplicate injections to ensure precision.	Results are reported in mg per g or per serving. Values are compared to formulation targets and label claims to confirm potency and detect underdosing or ingredient substitution.	1	Piperine (Bioperine)
Pistachio Allergen	Allergen	2 days	5	This assay detects and quantifies pistachio protein using a specific ELISA (Enzyme-Linked Immunosorbent Assay). It confirms the presence or absence of pistachio contamination in raw materials, finished goods, and manufacturing environments—essential for protecting consumers with tree nut allergies and validating allergen-free label claims.	Samples are extracted using a validated buffer and tested using a pistachio-specific sandwich ELISA. Colorimetric detection is used to measure antibody binding, and results are compared to a certified standard curve. Controls and duplicate wells are included to ensure precision.	Results are reported in ppm (mg/kg) of pistachio protein. Detection sensitivity typically ranges from 1–5 ppm depending on the matrix, making it suitable for both allergen screening and final product verification.	1	Pistachio Allergen
Polysaccharides (UV)	Phytochemical, Vitamin, and Actives	11-13 days	10	This assay quantifies total polysaccharides using UV-Visible spectrophotometry (UV-Vis). The method provides a rapid and reliable measure of total carbohydrate polymers present in natural extracts and raw materials.	Samples are hydrolyzed under controlled conditions, and the resulting solution is reacted with colorimetric reagents to produce a measurable chromophore. Absorbance is read at a specific wavelength using a UV-Vis spectrophotometer, and concentration is determined relative to a glucose or polysaccharide standard curve.	Results are reported as % w/w (raw materials) or mg/serving (finished products). Testing confirms standardized potency, supports label claims, and ensures consistency for polysaccharide-rich ingredients such as mushrooms, algae, and plant extracts.	1	Polysaccharides (UV)
Potassium	Elemental	5-7 days	10	This assay measures potassium (K) using Inductively Coupled Plasma Mass Spectrometry (ICP-MS). The method provides accurate elemental quantification across diverse matrices and supports nutritional labeling and quality control.	Samples are digested and analyzed by ICP-MS under validated conditions. Potassium is ionized in the plasma and detected by mass spectrometry. Calibration with certified reference standards and internal controls ensures accuracy and reproducibility.	Testing verifies label claims, confirms elemental purity, and supports consistent formulation and regulatory compliance.	1	Potassium
Pregnenolone	Phytochemical, Vitamin, and Actives	7-10 days	5	This assay quantifies pregnenolone, a steroidal hormone precursor involved in the biosynthesis of progesterone, estrogens, and androgens. Using HPLC, it verifies pregnenolone content in raw materials and finished products to confirm label claims, ensure potency, and detect degradation or adulteration.	Samples are extracted using organic solvents and analyzed by HPLC with UV detection at a compound-specific wavelength. Quantification is performed using certified pregnenolone reference standards, with internal standard correction and duplicate injections to ensure accuracy and reproducibility.	Results are reported in mg per g or per serving. Values are compared with label claims and formulation targets to confirm potency and support consistent dosing across production batches.	1	Pregnenolone
Preservative panel (benzoate, sorbate)	Preservatives and Additives	7-10 days	5	This assay quantifies benzoic acid (from sodium benzoate) and sorbic acid (from potassium sorbate), two widely used food and beverage preservatives. It uses HPLC to confirm compliance with formulation targets, regulatory limits, and “preservative-free” label claims in natural products.	Samples are extracted using aqueous or alcohol-based solvents depending on the matrix. The extract is analyzed by HPLC with UV detection at compound-specific wavelengths. Calibration with high-purity benzoic and sorbic acid standards, along with internal standard correction and duplicate runs, ensures reliable quantification.	Results are provided in ppm (mg/kg or mg/L). Values are compared against regulatory limits (e.g., FDA, EU) and declared label levels. Accurate testing supports functional food and beverage formulations while helping brands avoid overuse or undeclared preservatives in “clean label” products.	2	Potassium Sorbate Sodium Benzoate
Proanthocyanidins	Phytochemical, Vitamin, and Actives	11-13 days	20	This test quantifies total proanthocyanidins (condensed tannins) in botanical extracts, dietary supplements, and raw materials using UV-Vis spectrophotometry with a colorimetric derivatization method. Proanthocyanidins are oligomeric and polymeric flavanols found at high concentrations in grape seed, pine bark (Pycnogenol), cranberry, and other berry-derived extracts, and their total content is the primary potency and standardization marker for these ingredients. Results are reported as a percentage of proanthocyanidin content relative to extract weight, expressed as procyanidin equivalents, to support label claim verification and cGMP compliance.	A representative sample is weighed and extracted using a methanol or acetone-water solvent system with sonication. The extract is reacted with a chromogenic reagent — typically the DMAC (4-dimethylaminocinnamaldehyde) or vanillin-hydrochloric acid method — which produces a colored complex selectively with proanthocyanidins and flavan-3-ol units. Absorbance is measured by UV-Vis spectrophotometry at the appropriate wavelength (640 nm for DMAC; 500 nm for vanillin-HCl). Quantification is performed against a multi-point external calibration curve prepared from a certified procyanidin or catechin reference standard, and results are expressed as percentage proanthocyanidins relative to the initial sample weight.	Total proanthocyanidin content is the industry-standard potency marker for grape seed, pine bark, and berry-derived extracts, and its accurate measurement is essential for verifying standardization levels and substantiating label claims. UV-Vis spectrophotometry with colorimetric derivatization is the conventional and widely accepted method for total proanthocyanidin quantification, providing a practical and reproducible measure of extract potency for both raw material qualification and finished product release testing.	1	Proanthocyanidins
Protein	Phytochemical, Vitamin, and Actives	3-5 days	10	This assay determines total protein content in food samples by measuring nitrogen content and converting it to protein using a standard conversion factor. The Dumas method is a combustion-based technique valued for its speed, accuracy, and minimal chemical waste compared to traditional methods.	Samples are combusted in an oxygen-rich environment, and the released nitrogen is measured via thermal conductivity detection. The measured nitrogen is converted to protein content using a conversion factor (typically 6.25). Calibration with certified reference materials and duplicate analyses ensure reliability.	Results are reported as grams of protein per 100 g of food. These values are used for nutritional labeling and quality control. Consistent protein levels across batches confirm that the product meets formulation specifications, while deviations may indicate processing issues.	2	Protein Protein Factor
Protein (Kjeldahl)	Phytochemical, Vitamin, and Actives	7-10 days	20	This test quantifies total protein content in food, dietary supplement, and raw material matrices using the Kjeldahl nitrogen determination method in accordance with AOAC Official Method 981.10 (Crude Protein in Meat and Meat Products, applicable broadly to food and supplement matrices). The Kjeldahl method measures total organic nitrogen in a sample, which is converted to protein content by multiplication with an appropriate nitrogen-to-protein conversion factor (commonly 6.25 for general food proteins, or matrix-specific factors such as 5.71 for wheat, 6.38 for dairy, and others as applicable). As a reference method with a long history of regulatory acceptance, Kjeldahl protein determination is recognized by AOAC International, the FDA, and international food regulatory bodies for nutritional labeling compliance under 21 CFR 101. Results are reported as a percentage of crude protein on an as-received or dry basis.	A representative sample is accurately weighed and subjected to acid digestion in concentrated sulfuric acid in the presence of a catalyst system (e.g., copper sulfate and potassium sulfate) at elevated temperature until complete oxidation of organic matter is achieved, converting all organic nitrogen to ammonium sulfate. The digested solution is made alkaline by addition of concentrated sodium hydroxide, and the liberated ammonia is distilled by steam distillation into a receiving solution of boric acid or a standard acid solution. The captured ammonia is quantified by back-titration with a standardized hydrochloric or sulfuric acid solution to a potentiometric or colorimetric endpoint. Total nitrogen content is calculated from the titration volume and expressed as a percentage; crude protein is calculated by multiplying the nitrogen percentage by the appropriate nitrogen-to-protein conversion factor. Reagent blanks are analyzed concurrently to correct for background nitrogen.	The Kjeldahl method is the long-established reference method for total protein determination in food and dietary supplement matrices, providing a direct measurement of total organic nitrogen that is independent of protein structure, molecular weight, or amino acid composition. AOAC 981.10 is a validated, internationally recognized official method with broad regulatory acceptance for nutritional labeling compliance. While the Kjeldahl method measures total nitrogen — including non-protein nitrogen from nucleic acids, free amino acids, and other nitrogenous compounds — it remains the standard for crude protein reporting in regulatory and labeling contexts. This method supports nutritional label compliance under 21 CFR 101, raw material specification testing, and cGMP compliance under 21 CFR 111.	1	Protein (Kjeldahl)
Protein on Dry Basis	Phytochemical, Vitamin, and Actives	3-5 days	20	This test determines the protein content of a sample on a dry weight basis by combining two complementary methods: total nitrogen quantification by the Dumas combustion method (nitrogen analyzer) and moisture determination by AOAC Official Method 925.10 (Loss on Drying). The Dumas method measures total nitrogen released upon high-temperature combustion of the sample, which is converted to protein content using an appropriate nitrogen-to-protein conversion factor. The moisture content determined by AOAC 925.10 is then used to correct the protein result to a dry basis, providing a moisture-independent measure of true protein content. This is the standard approach for protein specification and label claim verification in protein powders, amino acid ingredients, and high-protein food and supplement products. Results are reported as a percentage protein on a dry weight basis.	For moisture determination (AOAC 925.10), a representative sample is accurately weighed into a pre-dried, tared dish and dried in a convection oven at 105°C until constant weight is achieved. The moisture content is calculated from the loss in weight relative to the initial sample weight. For protein determination, a separate representative sample is accurately weighed and combusted at high temperature (typically above 900°C) in a nitrogen analyzer. The nitrogen gas released is measured by thermal conductivity detection, and total nitrogen content is calculated. Protein content is derived by multiplying total nitrogen by the appropriate conversion factor (e.g., 6.25 for general food proteins, or a product-specific factor where applicable). The protein result is then corrected to a dry basis using the moisture content determined by AOAC 925.10.	Reporting protein content on a dry basis eliminates the variability introduced by moisture differences between batches and between raw materials from different suppliers, providing a standardized and comparable measure of true protein content. The Dumas combustion method is the preferred modern alternative to the Kjeldahl method for total nitrogen determination, offering faster analysis, no hazardous reagents, and equivalent accuracy. Combining Dumas nitrogen analysis with AOAC 925.10 moisture correction is the industry-standard approach for protein specification in dietary supplement and food ingredient applications, supporting accurate nutrition labeling under 21 CFR 101 and raw material qualification under 21 CFR 111.	5	Dry matter Moisture Protein Protein (dry basis) Protein Factor
Pseudomonas aeruginosa	Microbial	4 days	10	This assay detects the presence of Pseudomonas aeruginosa, a Gram-negative bacterium that can indicate poor sanitation or post-processing contamination. It is considered an opportunistic pathogen and is of particular concern in cosmetic, pharmaceutical, and some food products due to its ability to survive in moist environments and resist certain preservatives.	Samples are enriched in a selective broth and plated on differential agar designed to isolate P. aeruginosa. Colonies with characteristic morphology are further confirmed through biochemical or molecular identification methods.	Results are reported as Present or Not Detected. Detection of P. aeruginosa may trigger regulatory or quality concerns, especially for personal care products or RTE (ready-to-eat) foods. Absence indicates acceptable microbial quality under most manufacturing and hygiene standards.	1	Pseudomonas aeruginosa
Pterostilbene (Trans-Pterostilbene)	Phytochemical, Vitamin, and Actives	7-10 days	5	This assay quantifies trans-pterostilbene, a methylated analog of resveratrol known for its enhanced bioavailability and antioxidant activity. Using HPLC, it verifies pterostilbene content in supplements and longevity-focused formulations to confirm label accuracy and dosing consistency.	Samples are extracted using alcohol-based solvents under light-protected conditions, then analyzed by HPLC with UV detection at a compound-specific wavelength. Quantification is performed using certified pterostilbene standards, with internal standard correction and duplicate runs to ensure precision.	Results are reported in mg per g or per serving. Values are compared to formulation targets and label claims to confirm potency and detect variability in raw material or storage stability.	1	Pterostilbene (Trans-Pterostilbene)
Pyrroloquinoline Quinone (PQQ)	Phytochemical, Vitamin, and Actives	7-10 days	5	This assay quantifies pyrroloquinoline quinone (PQQ), a redox cofactor used in supplements targeting brain health, energy metabolism, and anti-aging. Using LC-MS/MS, it accurately measures PQQ content in capsules, powders, and functional formulations to verify label claims and ensure bioactive potency.	Samples are extracted using aqueous or alcohol-based solvents and analyzed by LC-MS/MS with compound-specific mass transitions. Quantification is performed using certified PQQ standards with internal standard correction and duplicate injections for precision and reproducibility.	Results are reported in mg per g or per serving. Values are compared to formulation targets and declared label claims to confirm consistency and detect underdosing or degradation in stored products.	1	Pyrroloquinoline Quinone (PQQ)
Quercetin	Phytochemical, Vitamin, and Actives	7-10 days	5	This assay quantifies quercetin, a plant-derived flavonoid commonly used in immune, allergy, and longevity supplements. Using LC-MS/MS, it measures quercetin content in capsules, powders, and botanical blends to verify label claims and support bioactive consistency across formulations.	Samples are extracted in alcohol or methanol-based solvents and analyzed by LC-MS/MS using compound-specific mass transitions. Quantification is performed with certified quercetin standards, internal standard correction, and duplicate injections to ensure accuracy and precision.	Results are reported in mg per g or per serving. Values are compared to formulation targets and label claims to confirm dosing consistency and detect degradation or adulteration.	1	Quercetin
Rapid Micro Panel	Microbial	4 days	75	This panel includes Total Plate Count, Yeast & Mold, Coliforms, E. coli, Salmonella, and Staphylococcus aureus. It provides a comprehensive screen for microbial load, spoilage organisms, and key pathogens to ensure product safety and compliance.	Samples are prepared and plated on selective and non-selective agar media appropriate for each organism. Incubation times and conditions follow USP, AOAC, and FDA BAM guidelines. Confirmatory biochemical or molecular methods are used where necessary for pathogen identification. All tests include appropriate controls and duplicate runs.	Results are reported in CFU/g or as Detected / Not Detected depending on the assay. Values are assessed against regulatory limits and industry standards (e.g., USP <2021>, <2022>, <2023>) to verify safety and microbial integrity.	7	E. Coli Rapid Total Mold Count Rapid Total Yeasts Count Salmonella Staphylococcus Aureus Total Coliforms Total Plate Count
Rapid Yeast & Mold	Microbial	4 days	10	This test detects and quantifies yeast and mold, common spoilage organisms in food and supplements that can affect shelf life and safety.	Samples are plated on selective agar and incubated to allow growth of yeasts and molds. Results are reported as CFU/g or CFU/mL.	Low levels indicate clean processing and storage. Elevated levels may lead to spoilage or product recalls.	2	Rapid Total Mold Count Rapid Total Yeasts Count
Reishi Mushroom (Ganoderma lucidum) ID	Phytochemical, Vitamin, and Actives	11-13 days	10	This test confirms the botanical identity of Reishi mushroom (Ganoderma lucidum) in raw materials and finished products using High-Performance Thin-Layer Chromatography (HPTLC). The characteristic triterpenoid and polysaccharide fingerprint of the sample is compared against a certified Ganoderma lucidum reference standard to confirm species authenticity and detect substitution with other Ganoderma species or unrelated fungal materials. Results are reported as confirmed identity or non-conforming.	A representative sample is extracted using methanol or ethanol-water and applied alongside a certified Ganoderma lucidum reference standard onto an HPTLC silica gel plate. The plate is developed in a validated solvent system, derivatized with anisaldehyde-sulfuric acid reagent, and the fingerprint is compared visually and by densitometric scanning to the reference standard in terms of Rf values, band positions, and color profile.	Reishi is among the most adulterated mushroom ingredients in the supplement market, with other Ganoderma species and mycelium-on-grain preparations frequently substituted for authentic fruiting body material. HPTLC identity testing provides a rapid and defensible species confirmation, supporting supplier qualification and cGMP compliance under 21 CFR 111.		
Residual Solvent Panel	Contaminants	7-10 days	10	This panel detects and quantifies residual solvents that may remain from manufacturing, extraction, or purification processes. Using GC-MS, it screens for Class 1, 2, and 3 solvents as defined by ICH Q3C guidelines to ensure product safety and compliance with FDA and USP requirements.	Samples are prepared using headspace or direct solvent extraction methods. The extract is analyzed by Gas Chromatography–Mass Spectrometry (GC-MS) using compound-specific retention times and mass spectral data. Quantification is performed using certified solvent standards and validated calibration curves. Internal standards and duplicate runs ensure accuracy.	Results are reported in ppm (mg/kg or µg/g). Values are compared with ICH Q3C limits based on solvent classification. This test ensures solvents are below acceptable daily exposure levels and helps validate purification processes in herbal extracts, pharmaceuticals, supplements, and cosmetics.	20	1,2-Dichloroethane Acetone Acetonitrile Benzene Butane Chloroform Ethanol Ethyl acetate Ethylene oxide Ethyl ether Heptane Hexane Isopropanol Methanol Methylene chloride Pentane Propane Toluene Trichloroethylene Xylene Total
Residual Solvents Panel USP 467 (Class I, II, III)	Contaminants	11-13 days	30	This test screens for and quantifies residual solvents — organic volatile impurities that may remain in raw materials, excipients, or finished products as a result of their manufacture or purification — across all three USP risk classes in accordance with USP General Chapter <467> (Residual Solvents). Class I solvents (e.g., benzene, carbon tetrachloride, 1,2-dichloroethane) are known or suspected human carcinogens and are subject to the strictest limits or should be avoided entirely. Class II solvents (e.g., acetonitrile, chloroform, methanol, toluene, hexane) are non-genotoxic animal carcinogens or possible causative agents of other irreversible toxicities, and are subject to defined permitted daily exposure (PDE) limits. Class III solvents (e.g., ethanol, ethyl acetate, isopropanol, acetone) have low toxic potential and are acceptable at higher levels. Residual solvent testing is critical for ensuring the safety of dietary supplement ingredients processed using organic solvents during extraction, purification, or synthesis. Results are reported in parts per million (ppm) for each solvent detected, compared against USP <467> limits.	A representative sample is accurately weighed and prepared using one or both of the sample preparation approaches specified in USP <467>: direct dissolution in a suitable solvent (Procedure A) or headspace preparation (Procedure B), in which the sample is dissolved or dispersed in an appropriate diluent in a sealed headspace vial and equilibrated at a controlled elevated temperature to partition residual volatile solvents into the headspace. The headspace gas or dissolved sample is analyzed by Gas Chromatography with Flame Ionization Detection (GC-FID) and/or Mass Spectrometry (GC-MS) using validated methods capable of resolving and quantifying all Class I, II, and III solvents included in the USP <467> panel. Quantification is performed against multi-point external calibration curves prepared from certified residual solvent reference standards, with an appropriate internal standard used for method performance verification. All results are compared against the concentration limits specified in USP <467> Tables 1, 2, and 3.	Residual solvent testing by USP <467> is the pharmacopeially recognized standard for organic volatile impurity control in pharmaceutical and dietary supplement ingredients, providing a structured, risk-based framework for evaluating solvent safety across all three toxicological classes. Headspace GC is the preferred technique for residual solvent analysis as it minimizes matrix interference by selectively partitioning volatile analytes into the gas phase, while GC-MS provides confirmatory identification of detected solvents. Comprehensive Class I, II, and III panel testing ensures that all solvent classes relevant to the manufacturing history of the ingredient are evaluated, supporting raw material qualification, finished product safety, and cGMP compliance under 21 CFR 111.	55	1,1,1-Trichloroethane 1,1-Dichloroethene 1,2-Dichloroethane 1,2-Dichloroethene 1,2-Dimethoxyethane 1,4-Dioxane 1-Butanol 1-Pentanol 1-Propanol 2-Butanol 2-Methyl-1-propanol 2-Methyltetrahydrofuran 2-Propanol 3-Methyl-1-butanol Acetic acid Acetone Acetonitrile Anisole Benzene Butyl acetate Carbon tetrachloride Chlorobenzene Chloroform Cumene Cyclohexane Cyclopentylmethyl ether Dimethyl sulfoxide Ethanol Ethyl acetate Ethyl ether Ethyl formate Formic acid Heptane Hexane Isobutyl acetate Isopropyl acetate Methanol Methyl acetate Methylbutylketone Methylcyclohexane Methylene chloride Methylethylketone Methylisobutylketone Nitromethane Pentane Propyl acetate Pyridine tert-Butylmethyl ether Tertiary butyl alcohol Tetrahydrofuran Tetralin Toluene Trichloroethylene Triethylamine Xylenes
Resveratrol	Phytochemical, Vitamin, and Actives	7-10 days	5	This assay quantifies resveratrol, a polyphenolic compound primarily found in grapes and Japanese knotweed. Using HPLC, it verifies resveratrol content in supplements, functional foods, and botanical extracts to confirm label claims and ensure consistent dosing in longevity and heart health formulations.	Samples are extracted using alcohol-based solvents under light-protected conditions and analyzed by HPLC with UV detection at a compound-specific wavelength. Quantification is performed using certified resveratrol standards, with internal standard correction and duplicate injections to ensure accuracy.	Results are reported in mg per g or per serving. Values are compared to formulation targets and label claims to verify potency and detect degradation or adulteration.	1	Resveratrol
Rhodiola rosea ID	Phytochemical, Vitamin, and Actives	11-13 days	10	This test confirms the botanical identity of Rhodiola rosea in raw materials and finished products using High-Performance Thin-Layer Chromatography (HPTLC). The characteristic rosavins and salidroside fingerprint of the sample is compared against a certified Rhodiola rosea reference standard to confirm species authenticity and detect substitution with other Rhodiola species — such as R. crenulata — that lack the rosavin compounds unique to R. rosea. Results are reported as confirmed identity or non-conforming.	A representative sample is extracted using methanol or ethanol-water and applied alongside a certified Rhodiola rosea reference standard onto an HPTLC silica gel plate. The plate is developed in a validated solvent system, derivatized with anisaldehyde-sulfuric acid or natural products reagent, and the fingerprint is compared visually and by densitometric scanning to the reference standard in terms of Rf values, band positions, and color profile.	Rhodiola rosea is one of the most commonly adulterated adaptogens, with R. crenulata — which contains salidroside but not rosavins — frequently substituted due to its lower cost. HPTLC identity testing is the most practical method for distinguishing R. rosea from other Rhodiola species based on the presence of species-specific rosavin compounds, supporting supplier qualification and cGMP compliance under 21 CFR 111.	1	Rhodiola rosea ID
Rhubarb (Rheum palmatum) ID	Phytochemical, Vitamin, and Actives	10-12 days	10	This test confirms the identity of Chinese rhubarb (Rheum palmatum L., and related pharmacopeial species including R. officinale and R. tanguticum) in raw materials, root powders, extracts, and dietary supplements using High-Performance Thin-Layer Chromatography (HPTLC). Rheum palmatum, commonly known as Chinese or medicinal rhubarb, is a well-established botanical used in traditional Chinese medicine and Western herbal practice for its role in supporting digestive function, bowel regularity, and gastrointestinal health. Its characteristic phytochemical profile includes anthraquinone glycosides and aglycones (emodin, rhein, aloe-emodin, chrysophanol, physcion), stilbene glycosides (rhaponticin), and tannins. HPTLC identity testing generates a characteristic chromatographic fingerprint that is compared against an authenticated R. palmatum reference standard to confirm species identity and detect potential adulteration, substitution with common garden rhubarb (R. rhabarbarum or R. rhaponticum) — which lacks the pharmacopeial anthraquinone profile — or blending with other anthraquinone-containing botanicals.	A representative sample is accurately weighed and extracted using an appropriate solvent system (e.g., methanol or aqueous ethanol) to capture the characteristic anthraquinone and stilbene profile of R. palmatum. The extract is applied alongside a certified R. palmatum reference standard and, where applicable, potential adulterant extracts (e.g., R. rhabarbarum, Rumex species), onto an HPTLC silica gel plate using an automated sample applicator. The plate is developed in a validated solvent system optimized to resolve the characteristic anthraquinone aglycones and glycosides of R. palmatum. After development, the plate is evaluated under UV light at 254 nm and 366 nm — where anthraquinones display characteristic fluorescence — and may be further derivatized with potassium hydroxide solution or anisaldehyde-sulfuric acid reagent for enhanced visualization under white light. The resulting fingerprint pattern is compared visually and, where applicable, by densitometric analysis to the authenticated reference standard in accordance with established HPTLC identity testing guidelines.	Medicinal rhubarb (R. palmatum and related pharmacopeial species) is subject to adulteration and substitution with common garden rhubarb (R. rhabarbarum), which is morphologically similar but lacks the characteristic anthraquinone glycoside profile required for pharmacopeial compliance and the associated biological activity. HPTLC fingerprinting provides a holistic, multi-compound chromatographic identity confirmation — anchored by the characteristic anthraquinone pattern — that is more discriminating than single-marker assays and enables detection of substitution or adulteration that would not be apparent from potency testing alone. This method aligns with USP and European Pharmacopoeia (Ph. Eur.) botanical identity testing guidelines and supports cGMP compliance under 21 CFR 111, ensuring that only correctly identified raw materials are used in finished products.		
R-Lipoic Acid (Alpha-Lipoic Acid)	Phytochemical, Vitamin, and Actives	7-10 days	5	This assay quantifies total alpha-lipoic acid (ALA) in supplements and raw materials using LC-MS/MS. It does not distinguish between the R- and S-enantiomers, but instead measures total ALA content to verify label claims, confirm potency, and ensure product consistency.	Samples are extracted with organic solvents and analyzed by LC-MS/MS using compound-specific mass transitions. Quantification is performed against certified alpha-lipoic acid standards, with internal standard correction and duplicate injections to ensure accuracy and reproducibility.	Results are reported in mg per g or per serving as total ALA. Values are compared to formulation targets and label claims to confirm dosing accuracy, detect underformulation, and verify product stability.	1	R-Alpha Lipoic Acid
Rosavin	Phytochemical, Vitamin, and Actives	7-10 days	5	This assay quantifies rosavin, a key bioactive compound in Rhodiola rosea known for its adaptogenic and anti-fatigue properties. Using HPLC, it verifies rosavin content in botanical extracts and supplements to ensure proper standardization and support claims related to mood, energy, and stress modulation.	Samples are extracted using alcohol- or water-based solvents under light- and temperature-controlled conditions. The extract is analyzed by HPLC with UV detection at a compound-specific wavelength. Quantification is performed using certified rosavin standards, with internal standard correction and duplicate runs to ensure precision.	Results are reported in mg per g or per serving. Values are compared to label claims and standardization targets to confirm consistency in Rhodiola extracts and detect low-quality or adulterated material.	1	Rosavin
Rosmarinic Acid	Phytochemical, Vitamin, and Actives	7-10 days	5	This test quantifies rosmarinic acid, a naturally occurring hydroxycinnamic acid ester and the primary water-soluble polyphenol found in rosemary, sage, lemon balm, and other Lamiaceae herbs, in dietary supplements and raw materials using High-Performance Liquid Chromatography with UV detection (HPLC-UV). Rosmarinic acid is a key bioactive marker and standardization compound for these botanical extracts, valued for its antioxidant, anti-inflammatory, and neuroprotective properties. Results are reported in mg per serving or as a percentage of extract weight to support label claim verification and cGMP compliance.	A representative sample is weighed and extracted using a methanol or ethanol-water solvent system with sonication to ensure complete recovery of rosmarinic acid from the botanical matrix. The extract is filtered, diluted to volume, and injected onto a reversed-phase C18 HPLC column. Detection is performed by UV at approximately 330 nm, corresponding to the characteristic absorbance of the hydroxycinnamic acid chromophore, and quantification is performed against a multi-point external calibration curve prepared from a certified rosmarinic acid reference standard. System suitability and QC samples are run concurrently to confirm method accuracy and reproducibility across the analytical run.	Rosmarinic acid is the primary standardization marker for lemon balm, rosemary, and related Lamiaceae extracts, and its accurate quantification is essential for verifying extract potency and label claim compliance. HPLC-UV at 330 nm provides the selectivity needed to resolve rosmarinic acid from co-present phenolic acids — including caffeic acid and salvianolic acids — in complex botanical matrices, delivering reliable potency data for both raw material qualification and finished product release testing.	1	Rosmarinic Acid
Rupture	Stability	4 Days					1	Rupture
Rutin (EubioQuercetin)	Phytochemical, Vitamin, and Actives	7-10 days	5	This test quantifies rutin, a bioactive flavonoid glycoside of quercetin, in raw materials, powders, and finished botanical products. Using Liquid Chromatography–Tandem Mass Spectrometry (LC-MS/MS), the method achieves sensitive and specific detection with a reporting limit as low as 0.1 mg/kg. Accurate rutin measurement supports quality control and standardization of herbal supplements and nutraceuticals.	Samples are extracted with 70% methanol under sonication to release rutin from the matrix. The extract is filtered and injected into an LC-MS/MS system operating in Multiple Reaction Monitoring (MRM) mode, targeting rutin-specific precursor and product ions. Quantification is performed using a calibration curve constructed from certified rutin reference standards, with an isotopically labeled internal standard to correct for matrix effects. Method accuracy is verified through duplicate injections, spiked recovery tests, and quality control samples analyzed alongside each batch.	Results are reported in mg/g (raw material) or mg/serving (finished products). Testing confirms standardized potency in plant extracts, verifies label claims, and supports quality control for flavonoid-rich formulations.	1	Rutin
S-Adenosyl L-Methionine (SAM-e)	Phytochemical, Vitamin, and Actives	7-10 days	5	This assay quantifies S-adenosyl-L-methionine (SAMe), a bioactive methyl donor involved in neurotransmitter synthesis, detoxification, and joint support. Using LC-MS/MS, it verifies SAMe content in supplements and functional formulas to ensure label accuracy and product stability.	Samples are extracted under acid-stabilized, light-protected conditions to prevent degradation. The extract is analyzed by LC-MS/MS using compound-specific mass transitions. Quantification is performed using certified SAMe standards, with internal standard correction and duplicate runs to ensure precision.	Results are reported in mg per g or per serving. Values are compared to formulation targets and declared label claims. Testing confirms bioactive content and helps detect instability due to SAMe’s known sensitivity to heat, moisture, and pH.	1	S-Adenosyl L-Methionine (SAM-e)
Safranal (Saffron Extract)	Phytochemical, Vitamin, and Actives	7-10 days	5	This assay quantifies safranal, a volatile compound and key bioactive in saffron (Crocus sativus) linked to mood and neurological support. Using HPLC, it measures safranal content in saffron extracts and supplements to verify label claims and ensure consistent dosing in mood, vision, and cognitive health products.	Samples are extracted using alcohol-based solvents under light-protected conditions, then analyzed by HPLC with UV detection at a safranal-specific wavelength. Quantification is performed using certified safranal standards, with internal standard correction and duplicate runs for precision.	Results are reported in mg per g or per serving. Values are compared to formulation targets and standardization benchmarks to confirm potency and detect variability due to degradation or poor-quality raw material.	1	Safranal (Saffron Extract)
Salidroside	Phytochemical, Vitamin, and Actives	7-10 days	5	This assay quantifies salidroside, a key adaptogenic glycoside found in Rhodiola rosea. Using HPLC, it measures salidroside content in botanical extracts and supplements to verify standardization and support health claims related to mood, focus, and fatigue reduction.	Samples are extracted using water or alcohol-based solvents, then analyzed by HPLC with UV detection at a compound-specific wavelength. Quantification is performed using certified salidroside standards, with internal standard correction and duplicate runs to ensure accuracy.	Results are reported in mg per g or per serving. Values are compared to label claims and formulation targets to confirm consistent potency and detect variability in raw material or extract quality.	1	Salidroside
Salmonella	Microbial	4 days	25	This assay detects Salmonella, a pathogenic bacteria that can cause severe foodborne illness.	Enrichment followed by plating on selective media and confirmation through biochemical or PCR testing. Reported as presence/absence per 25g.	Salmonella must be absent to ensure product safety and compliance.	1	Salmonella
Selenium	Elemental	5-7 days	10	This test quantifies selenium, an essential trace mineral and critical component of selenoproteins involved in antioxidant defense, thyroid hormone metabolism, and immune regulation, in dietary supplements, food products, and raw materials using Inductively Coupled Plasma Mass Spectrometry (ICP-MS). Selenium has a narrow margin between adequate intake and toxicity, making accurate quantification important for both label claim verification and safety assessment. Results are reported in µg per serving or µg per gram to support cGMP compliance and regulatory requirements.	A representative sample is digested using microwave-assisted acid digestion with a nitric acid and hydrogen peroxide mixture to fully dissolve the matrix and bring all selenium into solution. The digested solution is diluted to volume and analyzed by ICP-MS using collision/reaction cell technology to minimize polyatomic spectral interferences — particularly from argon-based and chloride-based ions that overlap with selenium isotopes. Quantification is performed against a multi-point external calibration curve prepared from a certified selenium reference standard, with an appropriate internal standard used to correct for matrix effects and instrument drift. Certified reference materials and method blanks are run concurrently to confirm accuracy and recovery.	Selenium presents significant analytical challenges by ICP-MS due to polyatomic interferences on its primary isotopes from argon dimers, argon chloride, and other matrix-derived species, requiring collision/reaction cell technology or careful isotope selection for accurate measurement. Given selenium's narrow therapeutic window — with the tolerable upper intake level set at just 400 µg/day for adults — precise quantification is essential not only for label claim compliance but also for ensuring product safety, particularly in high-dose selenium supplements and selenium-enriched yeast ingredients.	1	Selenium
Sesame Allergen	Allergen	2 days	5	This assay detects sesame proteins in food products using an immunoassay format. Sesame is a potent allergen, so accurate detection is critical for verifying allergen claims and preventing cross-contact in production facilities.	Samples are extracted in a buffer optimized for protein recovery and applied to ELISA plates coated with sesame-specific antibodies. After incubation and multiple wash cycles, a secondary enzyme-linked antibody is added and a colorimetric reaction is developed. The absorbance is compared to a calibration curve constructed with sesame protein standards, with replicates and controls ensuring precision.	Results are expressed in ppm of sesame protein. Non-detectable values confirm that the product is free from sesame, while any measurable level indicates possible contamination, prompting review of allergen control measures.	1	Sesame Allergen
Shellfish/Crustacean/Mollusk Allergen	Allergen	2 days	5	This assay detects allergenic proteins from shellfish and crustaceans in food products. It is critical for ensuring that products labeled as free from these allergens do not contain cross-contact, protecting sensitive consumers from potentially severe allergic reactions.	Samples are extracted using an appropriate buffer and applied to ELISA plates pre-coated with antibodies specific to shellfish allergens. Following incubation and thorough washing, a secondary enzyme-linked antibody is added. The resulting colorimetric change is measured and compared against a calibration curve, with duplicate tests and controls confirming the assay’s reliability.	Results are reported in ppm of allergenic protein. A non-detect result supports a “free from” claim, while any measurable level requires corrective action in processing or labeling to ensure consumer safety.	1	Crustacean Allergen
Shiga-toxin producing E. Coli	Microbial	3 days	25	This assay screens for the presence of Shiga-toxin producing Escherichia coli. STEC strains produce Shiga toxins (Stx1, Stx2) that can cause gastrointestinal illness and complications such as hemolytic uremic syndrome (HUS). Testing is critical for high-risk foods such as leafy greens, sprouts, ground meats, and ready-to-eat products.	Samples are enriched and analyzed using validated microbiological methods (culture, PCR, or immunoassay-based) to detect E. coli strains carrying Shiga-toxin genes. Confirmatory testing differentiates pathogenic STEC from non-pathogenic E. coli.	Results are reported qualitatively as “Not Detected” or “Detected.” Testing ensures compliance with FDA/USDA guidelines, verifies food safety, and protects against outbreaks.	1	Shiga-toxin producing E. Coli
Shigella species screen	Microbial	4 days	50	This assay screens samples for the presence of Shigella species, pathogenic bacteria associated with foodborne illness. Detection of Shigella is critical for assessing safety in foods, supplements, and raw materials.	Samples are analyzed using validated microbiological screening techniques appropriate for the sample matrix. Controls and confirmatory steps are applied as needed to ensure reliable detection.	Results are reported qualitatively as Detected or Not Detected. Testing supports food safety programs, regulatory compliance, and contamination risk assessment.	1	Shigella Species
Shilajit ID	Phytochemical, Vitamin, and Actives	11-13 days	10	This test confirms the identity of shilajit — a mineral-rich exudate from Himalayan and Altai mountain rock formations — in raw materials and finished products using High-Performance Thin-Layer Chromatography (HPTLC). The characteristic fulvic acid and dibenzo-alpha-pyrone (DBP) compound fingerprint of the sample is compared against a certified shilajit reference standard to confirm authenticity and detect adulteration with synthetic fulvic acid, humic acid, or other substitutes. Results are reported as confirmed identity or non-conforming.	A representative sample is dissolved in methanol or water and applied alongside a certified shilajit reference standard onto an HPTLC silica gel plate. The plate is developed in a validated solvent system and examined under UV light (254 nm and 366 nm) and after derivatization with an appropriate reagent. The resulting fingerprint is compared visually and by densitometric scanning to the reference standard in terms of Rf values, band positions, and fluorescence profile.	Shilajit is a high-value ingredient with a significant risk of adulteration, particularly with synthetic fulvic acid or humic acid preparations that mimic its appearance but lack its full bioactive compound profile. HPTLC identity testing provides a practical and defensible method for confirming authenticity, supporting supplier qualification and cGMP compliance under 21 CFR 111.		
Silicon	Elemental	7-10 days	10	This test quantifies elemental silicon in raw materials, botanical extracts, and dietary supplements using Inductively Coupled Plasma Optical Emission Spectrometry (ICP-OES). Silicon is the second most abundant element in the Earth's crust and is present in dietary supplements primarily as orthosilicic acid, silicon dioxide (silica), or plant-derived silica from sources such as horsetail (Equisetum arvense) and bamboo extract. Silicon is increasingly recognized as a nutritionally relevant trace element with roles in bone mineralization, collagen synthesis, and the structural integrity of connective tissue, skin, hair, and nails. ICP-OES provides the sensitivity, precision, and multi-element capability required to accurately quantify silicon across a wide range of concentrations in complex botanical and mineral matrices. Results are reported in milligrams of elemental silicon per gram or per serving.	A representative sample is accurately weighed and subjected to complete acid digestion using a validated microwave-assisted or fusion-based digestion procedure. Silicon presents unique digestion challenges due to the high chemical inertness of silica (SiO₂); accordingly, digestion protocols typically employ hydrofluoric acid (HF) in combination with nitric acid, or alkaline fusion with sodium hydroxide or lithium metaborate/tetraborate, to ensure complete dissolution of siliceous materials. The digested solution is diluted to volume with ultrapure water and analyzed by ICP-OES, monitoring silicon at an appropriate emission line (e.g., 251.611 nm or 212.412 nm) selected to minimize spectral interferences. An appropriate internal standard is used to correct for matrix effects and instrument drift. Quantification is performed against a multi-point external calibration curve prepared from a certified silicon reference standard traceable to NIST. Certified reference materials and method blanks are analyzed concurrently to confirm digestion efficiency, accuracy, and precision.	Silicon quantification requires careful attention to sample digestion, as silicon dioxide is among the most chemically resistant inorganic compounds and is incompletely dissolved by standard nitric acid digestion alone. ICP-OES with appropriate digestion (HF-based or fusion) provides the complete dissolution and sensitive, accurate elemental detection needed to reliably quantify silicon across the concentration ranges relevant to dietary supplements and botanical ingredients. ICP-OES is preferred over ICP-MS for silicon due to polyatomic spectral interferences at the primary silicon isotope masses in ICP-MS, making optical emission the more practical and robust technique for routine silicon analysis. This method supports label claim substantiation, raw material qualification, and cGMP compliance under 21 CFR 111.	1	Silicon
Silicon Dioxide	Elemental	7-10 days	10	This test quantifies silicon (Si), expressed as silicon dioxide (SiO₂), in dietary supplements, food products, and raw materials using Inductively Coupled Plasma Optical Emission Spectrometry (ICP-OES). Silicon dioxide is widely used in the supplement and food industry as an anti-caking agent and flow aid, and is also present as a functional ingredient in certain bone and connective tissue health formulations. Accurate quantification is important for verifying that silicon dioxide levels are within permitted use limits as a food additive, or for confirming the declared silicon content in functional silica-based ingredients. Results are reported as a percentage or in milligrams per gram, expressed as SiO₂ or elemental silicon as applicable.	A representative sample is digested using a validated high-temperature fusion or alkaline digestion protocol — such as sodium peroxide or sodium hydroxide fusion — or microwave-assisted acid digestion with hydrofluoric acid, as standard nitric acid digestion alone is insufficient for complete dissolution of silica. The resulting digest is diluted to volume with ultrapure water and analyzed by ICP-OES, with silicon quantified at its characteristic emission wavelength (typically 251.6 nm or 212.4 nm). Quantification is performed against a multi-point external calibration curve prepared from a certified silicon reference standard. An internal standard is used to correct for matrix effects and instrument drift, and certified reference materials and method blanks are analyzed concurrently to confirm accuracy and monitor for contamination.	Silicon dioxide is one of the most commonly used excipients in dietary supplement manufacturing, and its accurate quantification is important for confirming compliance with FDA-permitted use levels as a food additive (21 CFR 172.480) and for verifying the silicon content of functional silica ingredients. ICP-OES is the preferred method for silicon quantification due to its high sensitivity, wide linear dynamic range, and ability to handle the specialized digestion conditions required for complete silica dissolution. Accurate silicon analysis supports both excipient quality control and functional ingredient potency verification under 21 CFR 111.	2	Silicon Silicon Dioxide
Silver	Elemental	7-10 days	5	This assay quantifies silver (Ag) content using Inductively Coupled Plasma Mass Spectrometry (ICP-MS). The method provides highly sensitive detection of trace metals across diverse matrices, from dietary supplements to foods and beverages.	Samples are digested and introduced into an ICP-MS instrument, where silver atoms are ionized in a plasma source and measured by mass spectrometry. The method allows precise quantitation of silver at parts-per-billion (ppb) levels with internal standard calibration and quality control checks.	Results are reported in parts per million (ppm) or parts per billion (ppb), and can be converted to µg/serving for finished products. Testing verifies compliance with safety guidelines, identifies contamination risks, and ensures accurate labeling.	1	Silver
Simple NFP	Phytochemical, Vitamin, and Actives	5 days	20	A comprehensive nutritional profile assay that consolidates the measurement of primary macronutrients—protein, carbohydrates, and fats—and calculates the total caloric content for nutritional labeling and quality control.	The assay integrates multiple analytical methods: protein is measured using the Dumas combustion method; fat is determined by solvent extraction (e.g., Soxhlet) and gravimetric analysis; carbohydrates are calculated by difference (or summing measured sugars/starches); and caloric content is derived either via bomb calorimetry or standard conversion factors. Calibration with certified standards and duplicate analyses ensure reliability across components.	Results are reported as grams per 100 g (or per serving) for protein, carbohydrates, and fats, along with total calories per 100 g (or per serving). Consistency in these values confirms formulation accuracy, while any deviations may indicate processing or measurement issues that require further investigation.	4	Calories Carb Fat Protein
Sodium	Elemental	5-7 days	10	This assay measures sodium (Na) using Inductively Coupled Plasma Mass Spectrometry (ICP-MS). The method provides accurate elemental quantification across diverse matrices and supports nutritional labeling and quality control.	Samples are digested and analyzed by ICP-MS under validated conditions. Sodium is ionized in the plasma and detected by mass spectrometry. Calibration with certified reference standards and internal controls ensures accuracy and reproducibility.	Testing verifies label claims, confirms elemental purity, and supports consistent formulation and regulatory compliance.	1	Sodium
Sodium Chloride	Elemental	7-10 days	5	This test quantifies sodium (Na) in food products, dietary supplements, and raw materials using Inductively Coupled Plasma Mass Spectrometry (ICP-MS), with results expressed as sodium chloride (NaCl) equivalent where applicable. Sodium is an essential electrolyte that plays a critical role in fluid balance, nerve transmission, and muscle function, and its accurate quantification is required for nutrition facts panel labeling under FDA regulations. ICP-MS provides exceptional sensitivity and precision for sodium quantification across a wide range of matrices and concentration levels. Results are reported in milligrams per gram or per serving, and may be expressed as sodium chloride content for salt-standardized applications.	A representative sample is digested using a validated acid digestion protocol — typically nitric acid with or without hydrogen peroxide under microwave-assisted or hot block conditions — to achieve complete dissolution of the sample matrix. The digest is diluted to volume with ultrapure water and analyzed by ICP-MS. Sodium is detected at its primary isotope (m/z 23), with attention to potential polyatomic interferences managed through instrument optimization or collision/reaction cell technology. An internal standard is added to all samples and calibration solutions to correct for matrix effects and instrument drift. Quantification is performed against a multi-point external calibration curve prepared from a certified sodium reference standard. Certified reference materials and method blanks are analyzed concurrently to confirm accuracy and monitor for contamination.	Accurate sodium quantification is a regulatory requirement for nutrition labeling under 21 CFR 101, where sodium content must be declared on the Nutrition Facts panel. ICP-MS provides the sensitivity and multi-element capability to quantify sodium alongside other nutritionally relevant elements in a single analytical run, making it an efficient choice for comprehensive elemental nutritional profiling. For products where sodium chloride is the declared ingredient, the sodium result can be mathematically converted to NaCl equivalent to support specification compliance and formulation verification.	1	Sodium Chloride
Sodium Copper Chlorophyllin (E-141)	Preservatives and Additives	7-10 days	5	This test identifies and quantifies sodium copper chlorophyllin (SCC; E-141ii) — a water-soluble, semi-synthetic derivative of chlorophyll in which the central magnesium ion is replaced by copper and the phytol ester chain is saponified to yield water-soluble chlorin carboxylate salts — in raw materials and dietary supplements using Liquid Chromatography coupled with Tandem Mass Spectrometry (LC-MS/MS). Sodium copper chlorophyllin is used in dietary supplements as an antioxidant, internal deodorant, and natural green colorant, and is approved as a food color additive (E-141) in many international markets. LC-MS/MS enables the specific identification and quantification of the characteristic copper chlorin species (copper chlorin e4, e6, and related homologs) that constitute sodium copper chlorophyllin, distinguishing it from natural chlorophylls, magnesium chlorophylls, and other chlorophyll derivatives. Results are reported as a percentage or in milligrams per gram or per serving.	A representative sample is accurately weighed and dissolved in an appropriate aqueous or aqueous-organic solvent system (e.g., aqueous methanol or acetonitrile with ammonium acetate buffer) to ensure complete dissolution of the water-soluble copper chlorin salts. An isotopically labeled or structurally analogous internal standard is added prior to sample preparation to correct for matrix effects and recovery variability. The extract is filtered and analyzed by reversed-phase LC-MS/MS using electrospray ionization (ESI) in negative ion mode — preferred for chlorophyll derivatives due to the carboxylate functionality — with multiple reaction monitoring (MRM) transitions selected for the characteristic copper chlorin species. Quantification is performed against a multi-point external calibration curve prepared from a certified sodium copper chlorophyllin reference standard. Quality control samples are run concurrently to confirm method accuracy, precision, and linearity throughout the analytical run.	Sodium copper chlorophyllin is a complex mixture of semi-synthetic copper chlorin derivatives whose composition cannot be adequately characterized by UV-Vis spectrophotometry alone, as natural chlorophylls, magnesium chlorophylls, and copper chlorophyllin derivatives share overlapping absorption spectra. LC-MS/MS with MRM detection provides the compound-specific selectivity required to unambiguously identify and quantify the characteristic copper chlorin species of SCC, confirming both the copper substitution (distinguishing SCC from natural magnesium chlorophylls) and the saponification state (distinguishing SCC from copper chlorophyll, E-141i). This level of specificity is important for regulatory compliance with food color additive specifications, label claim accuracy, and cGMP compliance under 21 CFR 111.		
Soy Allergen	Allergen	2 days	5	This assay identifies soy proteins in food samples using a highly specific ELISA method. It is used to verify allergen claims and prevent unintended exposure for soy-allergic consumers, even in processed foods where proteins may be partially denatured.	The sample is extracted with a buffer that efficiently solubilizes soy proteins. The extract is incubated on an ELISA plate coated with soy-specific antibodies. After washing, a secondary antibody linked to an enzyme is added, followed by development of a color reaction. The absorbance is compared to a standard curve generated from soy protein standards, with quality controls ensuring reproducibility.	Results are provided in ppm. Non-detectable or very low levels confirm that soy is either absent or present only in trace amounts, while significant detection indicates potential cross-contact that needs to be addressed.	1	Soy Allergen
Spermidine	Phytochemical, Vitamin, and Actives	7-10 days	5	This assay quantifies spermidine, a naturally occurring polyamine involved in cellular growth and longevity pathways. Using LC-MS/MS, it verifies spermidine content in dietary supplements, functional foods, and longevity formulations to confirm label accuracy and support anti-aging claims.	Samples are extracted in acidified aqueous solution and analyzed by LC-MS/MS using compound-specific mass transitions. Quantification is performed with certified spermidine standards, internal standard correction, and duplicate injections to ensure precision and reproducibility.	Results are reported in mg per g or per serving. Values are compared to formulation targets and declared label claims to ensure proper dosing and detect degradation or inconsistencies in raw material quality.	1	Spermidine
Spermidine Trihydrochloride	Phytochemical, Vitamin, and Actives	7-10 days	5	This test quantifies spermidine trihydrochloride, the salt form of spermidine used in dietary supplement formulations, in supplements and raw materials using Liquid Chromatography with Tandem Mass Spectrometry (LC-MS/MS). Spermidine is a naturally occurring polyamine found in wheat germ, aged cheese, and other foods, and has attracted significant research interest for its role in inducing autophagy — the cellular self-cleaning process associated with healthy aging and longevity. LC-MS/MS is required for this analysis due to the highly polar, low-UV-absorbing nature of spermidine and its presence at microgram-level doses in supplement formulations. Results are reported in mg per serving or mg per gram to support label claim verification and cGMP compliance.	A representative sample is weighed and extracted using an aqueous acidic solvent or dilute hydrochloric acid solution to ensure complete solubilization of spermidine trihydrochloride. The clarified extract is injected onto a reversed-phase C18 or HILIC column coupled to a triple quadrupole mass spectrometer operating in positive ionization Multiple Reaction Monitoring (MRM) mode. Specific precursor-to-product ion transitions characteristic of spermidine are monitored for quantification and identity confirmation. Quantification is performed against a multi-point calibration curve prepared from a certified spermidine reference standard, with a stable isotope-labeled internal standard used to correct for matrix effects and ensure accurate recovery across the sample types tested.	Spermidine is a highly polar, low-molecular-weight polyamine that lacks meaningful UV absorbance, making HPLC-UV methods impractical for its direct quantification at the microgram doses used in supplement formulations. LC-MS/MS in MRM mode provides the sensitivity and molecular specificity required to accurately detect and quantify spermidine in complex matrices, distinguishing it from structurally related polyamines such as putrescine and spermine that may be co-present in wheat germ and other botanical raw materials.	1	Spermidine Trihydrochloride
Spirulina ID by HPTLC	Phytochemical, Vitamin, and Actives	11-13 days	10	This test confirms the identity of spirulina — primarily Arthrospira platensis and Arthrospira maxima, cyanobacteria (blue-green microalgae) widely marketed under the common name spirulina — in raw materials, dried powders, and dietary supplements using High-Performance Thin-Layer Chromatography (HPTLC). Spirulina is one of the most widely consumed microalgae-based dietary supplements globally, valued for its high protein content, complete amino acid profile, and rich concentration of bioactive pigments including phycocyanin (blue), chlorophylls a and b (green), and carotenoids (β-carotene, zeaxanthin). HPTLC identity testing generates a characteristic pigment-based chromatographic fingerprint that is compared against an authenticated spirulina reference standard to confirm species identity and detect potential adulteration, substitution with other microalgae (e.g., Chlorella spp.), or blending with non-algal plant materials.	A representative sample is accurately weighed and extracted using an appropriate solvent system (e.g., methanol or acetone) to capture the characteristic pigment profile of spirulina, including chlorophylls, carotenoids, and phycocyanin-derived chromophores. The extract is applied alongside a certified spirulina reference standard and, where applicable, potential adulterant extracts (e.g., Chlorella powder), onto an HPTLC silica gel plate using an automated sample applicator. The plate is developed in a validated non-polar solvent system optimized to resolve the characteristic pigment bands of spirulina, including chlorophyll a, chlorophyll b, β-carotene, and zeaxanthin. After development, the plate is evaluated under white light and UV light at 254 nm and 366 nm, where the characteristic green, yellow, and orange pigment bands of spirulina are visualized without derivatization. The resulting fingerprint pattern is compared visually and, where applicable, by densitometric analysis to the authenticated reference standard in accordance with established HPTLC identity testing guidelines.	Spirulina is subject to adulteration and species substitution, including blending with Chlorella or other microalgae, synthetic colorants, or non-algal plant powders, particularly given its premium market positioning and the difficulty of visual inspection of dried powder materials. HPTLC pigment fingerprinting provides a holistic, multi-compound chromatographic identity confirmation that exploits the distinctive and characteristic pigment composition of Arthrospira species — notably the presence of phycocyanin-derived chromophores and the specific chlorophyll and carotenoid profile — to distinguish authentic spirulina from potential substitutes and adulterants. This method aligns with USP botanical identity testing guidelines and supports cGMP compliance under 21 CFR 111, ensuring that only correctly identified raw materials are used in finished products.		
Staphylococcus Aureus	Microbial	4 days	10	This test identifies Staphylococcus aureus, a bacteria that produces toxins and is associated with improper food handling.	Samples are plated on selective media and confirmed through coagulase testing or molecular assays. Reported in CFU/g.	Low or absent levels are expected. High counts may indicate unsafe handling or contamination.	1	Staphylococcus Aureus
Stevia glycosides (Stevioside, Rebaudioside A, B, C M)	Phytochemical, Vitamin, and Actives	7-10 days	5	This assay measures major stevia glycosides—including stevioside and rebaudiosides A, B, C, and M—using Liquid Chromatography–Tandem Mass Spectrometry (LC-MS/MS). The method provides high specificity and sensitivity for accurate profiling of stevia sweetener composition.	Samples are extracted and analyzed under validated LC-MS/MS chromatographic conditions. Individual stevia glycosides are detected using multiple reaction monitoring (MRM) and quantified against certified reference standards. Internal calibration and quality control checks ensure accuracy and reproducibility.	Testing verifies sweetener composition, supports label claims, and ensures batch-to-batch consistency for stevia-based formulations.	5	Rebaudioside A Rebaudioside B Rebaudioside C Rebaudioside M Stevioside
Strontium	Phytochemical, Vitamin, and Actives	11-13 days	20	This assay quantifies strontium, a naturally occurring trace element sometimes used in bone health supplements. Using ICP-MS, it measures strontium levels in raw materials and finished products to verify potency, confirm label claims, or monitor for excess levels as part of a heavy metal screen.	This assay quantifies strontium, a naturally occurring trace element sometimes used in bone health supplements. Using ICP-MS, it measures strontium levels in raw materials and finished products to verify potency, confirm label claims, or monitor for excess levels as part of a heavy metal screen.	Results are reported in ppm (mg/kg), µg/g, or per serving depending on the matrix. Values are compared with label claims (if strontium is an active ingredient) or safety thresholds to ensure product integrity and compliance.	1	Strontium
Sugar Alcohols (Inositol, Xylitol, and Erythritol)	Preservatives and Additives	7-10 days	5	This test quantifies individual sugar alcohols (polyols) in food, dietary supplement, and raw material matrices using Liquid Chromatography coupled with Tandem Mass Spectrometry (LC-MS/MS). Sugar alcohols are widely used as low-calorie sweeteners, humectants, and bulking agents in dietary supplements, functional foods, and confectionery products, and their accurate quantification is important for nutritional labeling compliance under 21 CFR 101, which requires declaration of sugar alcohol content when a sugar alcohol is added to a food or when a claim is made about sugar alcohols. LC-MS/MS provides the sensitivity and compound-specific selectivity required to simultaneously identify and quantify individual sugar alcohol species in complex matrices where multiple polyols and carbohydrates may co-occur. Results are reported in milligrams per gram or per serving for each individual sugar alcohol detected.	A representative sample is accurately weighed and dissolved in an appropriate aqueous diluent. Isotopically labeled internal standards (e.g., deuterium-labeled polyols) are added prior to sample preparation to correct for matrix effects and recovery variability. The extract is filtered and analyzed by HILIC or reversed-phase LC-MS/MS using electrospray ionization (ESI) in positive or negative ion mode, with multiple reaction monitoring (MRM) transitions selected for each target sugar alcohol. Because sugar alcohols share similar molecular weights and fragmentation patterns, careful selection of MRM transitions and chromatographic conditions is critical to resolve individual species — particularly structural isomers such as sorbitol and mannitol, which have identical molecular weights and require chromatographic separation for individual quantification. Quantification is performed against multi-point external calibration curves prepared from certified reference standards for each target sugar alcohol. Quality control samples are run concurrently to confirm method accuracy, precision, and linearity.	Sugar alcohols are small, highly polar, non-UV-absorbing compounds that are poorly retained on standard reversed-phase HPLC columns and cannot be reliably resolved or quantified by refractive index detection in complex matrices. LC-MS/MS with HILIC chromatography and MRM detection provides the retention, resolution, and compound-specific selectivity needed to simultaneously quantify individual sugar alcohol species — including difficult-to-resolve isomeric pairs such as sorbitol and mannitol — in the presence of sugars, amino acids, and other polar matrix components. This approach supports accurate nutritional labeling compliance under 21 CFR 101, raw material qualification, and cGMP compliance under 21 CFR 111.	3	Erythritol Inositol Xylitol
Sugar Panel	Phytochemical, Vitamin, and Actives	7-10 days	5	This assay quantifies key dietary sugars—glucose, fructose, and sucrose—in food, beverage, and nutrition products. Using LC-MS/MS, it verifies total and individual sugar content to support nutrition label compliance and detect the presence of undeclared or added sugars in “no sugar” or “natural” claims.	Samples are extracted in water or dilute acid, filtered, and injected into the LC-MS/MS system. Detection is performed using mass-specific transitions for each sugar. Quantification is achieved using certified sugar standards, internal standard correction, and duplicate injections to ensure precise and defensible results.	Results are reported in g/100 g, g/100 mL, or per serving. Values are assessed against label claims and regulatory thresholds (e.g., FDA nutrition labeling). This panel helps validate “no added sugar” or “low sugar” claims and ensures brand transparency in functional beverages, juices, and powdered mixes.	3	Fructose Glucose Sucrose
Sulfate	Contaminants	7-10 days	25	This assay quantifies sulfate (SO₄²⁻), a common anion found in water and raw materials. Elevated sulfate levels can affect taste, product stability, and consumer safety.	Samples are prepared and analyzed for sulfate content using validated analytical techniques with calibration against certified standards. Quality controls verify accuracy and reproducibility across matrices.	Results are reported in mg/L (water, beverages) or mg/kg (solids), with the option to convert to mg/serving for finished products. Monitoring sulfate ensures compliance with drinking water standards, prevents off-flavors, and maintains product integrity.	1	Sulfate
Sulfite	Preservatives and Additives	7-10 days	5	"This assay quantifies sulfites (including sulfur dioxide) in food, beverage, and supplement products using LC-MS/MS. It is used to detect trace levels of sulfiting agents—commonly added as preservatives—to support allergen labeling, confirm ""sulfite-free"" claims, or comply with regulatory thresholds."	Samples are extracted and derivatized to stabilize free and bound sulfites, then analyzed by LC-MS/MS using compound-specific mass transitions. Quantification is performed using certified sulfite standards with internal standard correction and duplicate injections for precision.	Results are reported in ppm (mg/kg) as total sulfites. Values are compared to international regulatory thresholds (e.g., ≥10 ppm triggers labeling in the U.S. and EU) to ensure compliance and support accurate claims.	1	Sulfite
Sulfite-Reducing Clostridia	Microbial	4 days	25	This assay detects and enumerates sulfite-reducing Clostridia, anaerobic spore-forming bacteria that can indicate contamination risk in foods, supplements, and raw materials. These organisms are commonly monitored as hygiene and safety indicators, particularly in low-oxygen or heat-processed products.	Samples are prepared and analyzed according to USP 2022 methodology. Testing involves anaerobic incubation on selective sulfite-containing media that supports growth of sulfite-reducing Clostridia. Colonies exhibiting characteristic sulfite reduction are enumerated and reported.	Testing supports microbiological quality programs, verifies compliance with pharmacopeial standards, and helps identify contamination risks associated with anaerobic spore-formers.	1	Sulfite-Reducing Clostridia
Sulforaphane	Phytochemical, Vitamin, and Actives	5-7 days	30	This test quantifies sulforaphane, the bioactive isothiocyanate derived from enzymatic hydrolysis of glucoraphanin in broccoli (Brassica oleracea) sprout and seed extracts, in dietary supplements and raw materials using High-Performance Liquid Chromatography with UV detection (HPLC-UV). Sulforaphane is the primary bioactive compound responsible for the antioxidant, anti-inflammatory, and phase II enzyme-inducing properties of broccoli-derived ingredients, and its direct quantification confirms the amount of active compound present rather than its precursor. Results are reported in mg per serving or µmol per gram to support label claim verification and cGMP compliance.	A representative sample is weighed and extracted using an acetonitrile-water or methanol-water solvent system with sonication to ensure complete recovery of sulforaphane from the matrix. Where the sample contains intact myrosinase enzyme, a controlled enzymatic hydrolysis step may be performed prior to extraction to convert residual glucoraphanin to sulforaphane before analysis. The clarified extract is filtered, diluted to volume, and injected onto a reversed-phase C18 HPLC column. Detection is performed by UV at approximately 210–254 nm, and quantification is performed against a multi-point external calibration curve prepared from a certified sulforaphane reference standard. All sample preparation steps are conducted promptly to minimize sulforaphane degradation, and system suitability and QC samples are run concurrently to confirm method performance.	While glucoraphanin quantification measures the precursor pool, direct sulforaphane measurement confirms the actual bioactive content present in the finished product — a distinction that matters for products where myrosinase is co-formulated or where conversion has already occurred during processing. HPLC-UV provides adequate sensitivity and selectivity for sulforaphane quantification in most broccoli extract matrices, and its use alongside or in place of glucoraphanin testing gives brands a more complete picture of product potency for label claim substantiation and consumer transparency.	1	Sulforaphane
Sulfur	Elemental	7-10 days	25	This assay quantifies elemental sulfur in dietary supplements, functional ingredients, and raw materials. Using ICP-MS, it detects and measures sulfur content to support formulation transparency, verify label claims, and ensure consistency in sulfur-containing compounds such as MSM, cysteine, and glutathione.	Samples are digested using acid-based protocols, then analyzed by Inductively Coupled Plasma Mass Spectrometry (ICP-MS). Quantification is performed using certified sulfur standards, internal standard correction, and quality control samples to ensure accurate and reproducible results.	Results are reported in ppm (mg/kg) or mg per serving. Values are compared to formulation specifications and regulatory limits where applicable to confirm mineral levels and detect anomalies in product composition.	1	Sulfur
Sulfur Dioxide	Contaminants	11-13 days	10	This assay quantifies sulfur dioxide (SO₂), a commonly used preservative and antioxidant. SO₂ helps prevent microbial growth and oxidation but is strictly regulated due to potential allergenic and sensitivity concerns.	Samples are analyzed for total and/or free sulfur dioxide content using validated analytical techniques suitable for the matrix type. Quality control standards and calibration procedures ensure accuracy and reproducibility.	Results are reported in mg/kg (solids) or mg/L (liquids). Testing ensures compliance with FDA, EU, and Codex limits, verifies product labeling, and protects consumer safety.	1	Sulfur Dioxide
Sunflower Lecithin ID	Phytochemical, Vitamin, and Actives	10-12 days	10	This test confirms the identity and source authenticity of sunflower lecithin — a complex mixture of phospholipids, glycolipids, and neutral lipids derived from sunflower (Helianthus annuus L.) seeds — in raw materials and dietary supplements using High-Performance Thin-Layer Chromatography (HPTLC). Sunflower lecithin is increasingly used as a soy-free and non-GMO alternative to soy lecithin in dietary supplements and functional foods, valued for its phosphatidylcholine (PC), phosphatidylethanolamine (PE), and phosphatidylinositol (PI) content. HPTLC identity testing generates a characteristic phospholipid class fingerprint that is compared against an authenticated sunflower lecithin reference standard to confirm source identity and detect potential substitution with soy lecithin or other lecithin sources, which is of particular importance for allergen management and non-GMO labeling claims.	A representative sample is accurately weighed and dissolved in an appropriate lipid solvent system (e.g., chloroform/methanol or dichloromethane/methanol) to ensure complete dissolution of the phospholipid fraction. The extract is applied alongside a certified sunflower lecithin reference standard and, where applicable, soy lecithin and other potential substitute lecithin sources, onto an HPTLC silica gel plate using an automated sample applicator. The plate is developed in a validated non-polar to moderately polar solvent system optimized to resolve the major phospholipid classes characteristic of lecithin — including phosphatidylcholine, phosphatidylethanolamine, phosphatidylinositol, and lysophosphatidylcholine. After development, the plate is derivatized with an appropriate reagent (e.g., molybdenum blue reagent for phospholipid-specific visualization, or primuline under UV 366 nm) and evaluated under white light and UV light at 254 nm and 366 nm. The resulting phospholipid class fingerprint is compared visually and, where applicable, by densitometric analysis to the authenticated sunflower lecithin reference standard.	Sunflower lecithin and soy lecithin share similar phospholipid class compositions, making source authentication by simple phospholipid class profiling alone insufficient for definitive identity confirmation. HPTLC fingerprinting of the full lipid class profile — including characteristic differences in the relative proportions and minor lipid constituents between sunflower and soy lecithin — provides a practical and discriminating identity confirmation method for routine quality control. This is particularly important for products marketed as soy-free, allergen-free, or non-GMO, where substitution of sunflower lecithin with soy lecithin would constitute both a labeling violation and a potential allergen risk. The method supports raw material qualification, allergen management, and cGMP compliance under 21 CFR 111.		
Taurine	Phytochemical, Vitamin, and Actives	7-10 days	5	This assay quantifies taurine, a sulfur-containing amino acid commonly used in energy drinks, hydration products, and performance supplements. Using LC-MS/MS, it verifies taurine content to confirm label accuracy and support consistency in functional formulations.	Samples are extracted in aqueous solution and analyzed by LC-MS/MS using compound-specific mass transitions. Quantification is performed with certified taurine standards, internal standard correction, and duplicate injections to ensure precise and reproducible results.	Results are reported in mg per g or per serving. Values are compared to formulation targets and label claims to confirm dosing, detect degradation, and ensure batch-to-batch consistency.	1	Taurine
Terpene Lactones (Ginkgo Biloba Extract)	Phytochemical, Vitamin, and Actives	11-13 days	10	This assay quantifies total terpene lactones (including ginkgolides A, B, C, and bilobalide) in Ginkgo biloba extracts using High-Performance Liquid Chromatography (HPLC). Terpene lactones are characteristic markers required for quality control and standardization of Ginkgo supplements.	Samples are extracted and analyzed by HPLC under validated chromatographic conditions. Individual terpene lactones are separated and quantified against certified reference standards. Results are summed to provide total terpene lactone content.	Results are reported as % w/w (raw materials) or mg/serving (finished products). Testing verifies standardized potency (often paired with flavonol glycosides for full Ginkgo profile), confirms raw material authenticity, and ensures label claim accuracy.	1	Ginkgo Terpene Lactones (HPLC)
Thallium	Elemental	5-7 days	10	This assay quantifies thallium, a highly toxic metal, in food samples using advanced ICP‑MS/MS technology. Even trace amounts are of concern, so the method is optimized for high sensitivity and specificity in complex matrices.	Food samples are acid-digested to release thallium from the matrix. The resulting solution is analyzed by ICP‑MS/MS, which separates and detects thallium ions based on their mass-to-charge ratio. Calibration with thallium standards and rigorous quality control (including blanks and replicates) ensures accurate results.	Results are reported in ppb. Lower values indicate minimal thallium contamination, while elevated levels prompt further investigation into raw material and processing controls to ensure consumer safety.	1	Thallium
Thaumatin	Preservatives and Additives	11-13 day	10	This test quantifies thaumatin — a naturally occurring sweet-tasting protein extracted from the fruit of Thaumatococcus daniellii (katemfe fruit), approximately 2,000–3,000 times sweeter than sucrose by weight — in food products, dietary supplements, and raw materials using High-Performance Liquid Chromatography (HPLC). Thaumatin is approved as a natural sweetener and flavor modifier in numerous markets and is used at very low concentrations to provide sweetness and mask bitter or off-notes in formulations. Accurate quantification is important for verifying the declared use level, confirming ingredient identity, and ensuring compliance with applicable regulatory specifications. Results are reported in milligrams per gram or per serving.	A representative sample is accurately weighed and extracted in a suitable aqueous buffer to solubilize the protein, with any necessary clarification steps applied to remove interfering matrix components. The extract is filtered through a 0.2 µm membrane and analyzed by reversed-phase HPLC on a C18 or C4 column, with UV detection at 280 nm — the characteristic protein absorbance wavelength. Quantification is performed against a multi-point external calibration curve prepared from a certified thaumatin reference standard. Peak identity is confirmed by retention time comparison to the reference standard, and system suitability and quality control standards are run concurrently to confirm method accuracy and precision throughout the analytical run.	Thaumatin is used at very low concentrations — typically in the microgram to low milligram per serving range — making accurate HPLC quantification essential for confirming that the declared use level is present and that the ingredient has not been diluted or substituted. As a protein-based sweetener, thaumatin requires a chromatographic method capable of resolving it from other proteins and matrix components, and reversed-phase HPLC with UV detection at 280 nm provides the specificity and sensitivity needed for this purpose. This test supports ingredient authentication, label claim accuracy, and regulatory compliance for thaumatin as a permitted food additive.	1	Thaumatin
Theacrine (Teacrine)	Phytochemical, Vitamin, and Actives	7-10 days	5	This assay quantifies theacrine, a purine alkaloid structurally similar to caffeine and marketed as TeaCrine. Using HPLC, it verifies theacrine content in energy, nootropic, and performance supplements to ensure consistent dosing and support claims related to mental clarity and stimulant-free endurance.	Samples are extracted using alcohol-based or aqueous solvents and analyzed by HPLC with UV detection at a compound-specific wavelength. Quantification is performed using certified theacrine standards, with internal standard correction and duplicate injections to ensure accuracy and precision.	Results are reported in mg per g or per serving. Values are compared to formulation targets and label claims to confirm potency and detect underformulation or substitution with similar alkaloids.	1	Theacrine (Teacrine)
Theobromine	Phytochemical, Vitamin, and Actives	7-10 days	5	This test quantifies theobromine, a methylxanthine compound commonly found in cocoa, chocolate products, and botanical extracts, using High-Performance Liquid Chromatography (HPLC). Accurate measurement of theobromine is important for quality control and regulatory compliance in raw materials, finished products, capsules, and powders. The method provides detection limits suitable for trace-level quantification, reported in mg/kg or mg/L depending on the sample matrix.	Samples are prepared by solvent extraction using methanol-water (80:20 v/v) followed by filtration to remove particulates. The extract is injected into an HPLC system equipped with a C18 reversed-phase column and UV detection set at 272 nm, specific for theobromine absorption. Quantification is achieved by comparing peak areas to a calibration curve generated from certified theobromine reference standards across a defined concentration range. Quality control includes duplicate injections, analysis of spiked samples to assess recovery, and periodic injection of quality control standards to ensure method precision and accuracy.	Results are reported in mg/g (raw material) or mg/serving (finished products). Testing verifies product standardization, confirms label claims, and ensures quality consistency in cocoa- or caffeine-related formulations.	1	Theobromine
Thiourea	Contaminants	7-9 days	10	Thiourea is a compound that is not permitted for use in human food or dietary supplements by the FDA due to significant safety concerns, including potential carcinogenic effects. This test uses Liquid Chromatography with Tandem Mass Spectrometry (LC-MS/MS) to detect and quantify trace levels of Thiourea in a wide range of raw materials and finished products, ensuring they are free from this harmful adulterant.	A representative sample is homogenized and subjected to a solvent extraction, typically using methanol or an aqueous-organic mixture, to isolate Thiourea from the matrix. The resulting extract is then clarified and concentrated, often using a Solid-Phase Extraction (SPE) cleanup step to remove interfering compounds. The final extract is injected into a Liquid Chromatograph coupled to a Tandem Mass Spectrometer (LC-MS/MS), where Thiourea is quantified using a stable isotope-labeled internal standard and a multi-point calibration curve for accuracy.	Thiourea is a known animal carcinogen and is prohibited from use in human food by the FDA. Its potential presence as an undeclared substance or contaminant in raw materials poses a significant safety risk and a major regulatory compliance failure. Implementing a specific and sensitive LC-MS/MS method is essential for due diligence and to ensure products are safe and lawful for market.	1	Thiourea
Threonic acid (threonate)	Phytochemical, Vitamin, and Actives	7-10 days	5	This test measures the concentration of threonic acid (threonate), a small organic acid relevant for quality control in raw materials, finished products, capsules, and powders. The LC-MS/MS method offers precise quantification with high sensitivity and selectivity, enabling differentiation from closely related metabolites. Results are reported in micrograms per gram (µg/g) or milligrams per liter (mg/L) depending on the sample matrix.	Samples are prepared by extracting 0.5 g of powdered material or 1 mL of liquid with 5 mL of 0.1% formic acid in water, followed by centrifugation and filtration. The clear extract is injected into an LC-MS/MS system equipped with a reversed-phase column, using a gradient of water and acetonitrile both containing 0.1% formic acid. Threonic acid is detected in multiple reaction monitoring (MRM) mode with negative electrospray ionization. Quantification is performed using a calibration curve constructed from certified threonic acid standards, with an isotopically labeled internal standard added to each sample to correct for matrix effects. Method accuracy is verified through duplicate injections, quality control samples, and spike recovery experiments.	Results are reported in mg/g (raw material) or mg/serving (finished product). Testing confirms label accuracy, ensures standardized potency in mineral threonate salts (e.g., magnesium L-threonate), and supports product consistency.	1	L-Threonic Acid
Thymoquinone	Phytochemical, Vitamin, and Actives	7-10 days	5	This test quantifies thymoquinone (2-isopropyl-5-methylbenzo-1,4-quinone) — the principal bioactive constituent of black seed oil and black seed (Nigella sativa L.) extracts — in raw materials, fixed oils, and dietary supplements using High-Performance Liquid Chromatography (HPLC). Thymoquinone is responsible for a significant portion of the pharmacological activity attributed to N. sativa, including its antioxidant, anti-inflammatory, immunomodulatory, and hepatoprotective effects. Accurate potency verification is essential for standardizing black seed oil and extract quality, verifying label claims, and ensuring that the declared amount of this key bioactive is present in the finished product. Results are reported as a percentage or in milligrams per gram or per serving.	A representative sample is accurately weighed and dissolved in an appropriate organic solvent, typically methanol or acetonitrile, to ensure complete dissolution of thymoquinone. For black seed oil samples, a dilution step in an appropriate organic solvent is performed prior to injection. The extract is filtered and analyzed by reversed-phase HPLC on a C18 column with UV detection at 254 nm, the characteristic absorption maximum of thymoquinone's quinone chromophore. Quantification is performed against a multi-point external calibration curve prepared from a certified thymoquinone reference standard. Where applicable, related volatile constituents such as thymohydroquinone and thymol may be monitored simultaneously to provide a broader phytochemical profile. Quality control samples are run concurrently to confirm method accuracy, precision, and linearity throughout the analytical run.	Thymoquinone's quinone chromophore provides strong UV absorption at 254 nm, making HPLC with UV detection a sensitive and specific method for its quantification without the need for derivatization. Chromatographic separation on a C18 column resolves thymoquinone from structurally related compounds — including thymohydroquinone, dithymoquinone, and thymol — that co-occur in N. sativa oil and extracts, ensuring that potency results reflect thymoquinone content specifically. This specificity is important for label claim accuracy and for confirming the quality of black seed raw materials, which can vary considerably in thymoquinone content depending on geographic origin, variety, and processing conditions. The method supports raw material qualification, finished product release testing, and cGMP compliance under 21 CFR 111.	1	Thymoquinone
Tongkat Ali Identity	Phytochemical, Vitamin, and Actives	10-12 days	15	This assay confirms the identity of Tongkat Ali using High-Performance Thin-Layer Chromatography (HPTLC), a pharmacopeial method widely used for botanical authentication. It distinguishes genuine Tongkat Ali from common adulterants through unique compound fingerprinting.	Samples are extracted with appropriate solvents and applied to a silica gel plate alongside a reference standard. The plate is developed in a controlled mobile phase and visualized under UV light and post-derivatization. The sample chromatogram is compared to the reference fingerprint for botanical confirmation.	Results are reported as Pass/Fail or Match/No Match to the authenticated Tongkat Ali standard. This method helps confirm raw material authenticity and detect substitution or dilution with non-Eurycoma species.		
Total Bacopa Glycosides	Phytochemical, Vitamin, and Actives	12-15 days	25	This test quantifies total bacopa glycosides — the collective measure of bacosides and bacopasides responsible for the cognitive and neuroprotective activity of Bacopa monnieri — in botanical extracts, raw materials, and dietary supplements using UV-Visible (UV-Vis) Spectrophotometry. Bacopa extracts are commercially standardized to a declared total glycoside content, and this method provides a rapid, cost-effective means of verifying that the extract meets its standardization specification. Results are reported as a percentage of total bacopa glycosides to support label claim substantiation and incoming material qualification.	A representative sample is accurately weighed and extracted using a suitable solvent such as methanol or aqueous ethanol. The extract is reacted with a chromogenic reagent — typically vanillin-sulfuric acid or a similar colorimetric agent — under controlled conditions to produce a colored complex with the saponin glycosides present in the extract. The absorbance of the resulting solution is measured at the appropriate wavelength (typically 540–550 nm) against a reagent blank. Total glycoside content is calculated using the Beer-Lambert law with a specific extinction coefficient or by comparison to a calibration curve prepared from a bacoside reference standard. Measurements are performed in triplicate and averaged for final quantification.	Bacopa monnieri extracts are standardized on the basis of total bacoside content, and UV-Vis colorimetric quantification provides a practical and widely used method for verifying this specification in both raw materials and finished products. While it does not resolve individual glycoside species, the total glycoside measurement is the industry-standard potency parameter for Bacopa and is directly linked to the declared label claim. This method supports efficient quality control workflows and supplier qualification under 21 CFR 111.	1	Total Bacopa Glycosides
Total Curcuminoids	Phytochemical, Vitamin, and Actives	7-10 days	5	This test quantifies total curcuminoids — the collective term for the three principal bioactive diarylheptanoid pigments of turmeric (Curcuma longa L.): curcumin (the most abundant, typically 60–70%), demethoxycurcumin, and bisdemethoxycurcumin — in raw materials, turmeric extracts, and dietary supplements using High-Performance Liquid Chromatography (HPLC). Curcuminoids are the primary quality markers and bioactive constituents responsible for the antioxidant, anti-inflammatory, and other health-promoting properties attributed to turmeric. Total curcuminoid content is the standard potency specification for turmeric extracts, with commercial standardized extracts typically containing 95% total curcuminoids. Accurate HPLC quantification of all three individual curcuminoids — and their sum as total curcuminoids — is essential for label claim substantiation and for confirming that the full curcuminoid profile is present at the declared level. Results are reported as a percentage or in milligrams per gram or per serving for each individual curcuminoid and as a total.	A representative sample is accurately weighed and dissolved in an appropriate organic solvent, typically methanol or acetonitrile, to ensure complete dissolution of the curcuminoid fraction. The extract is filtered and analyzed by reversed-phase HPLC on a C18 column with UV detection at 425 nm, the characteristic absorption maximum of the curcuminoid chromophore arising from the extended conjugated diene-ketone system. Quantification of each individual curcuminoid (curcumin, demethoxycurcumin, and bisdemethoxycurcumin) is performed against a multi-point external calibration curve prepared from certified reference standards for each compound. Total curcuminoids are reported as the sum of the three individually quantified curcuminoid concentrations. Quality control samples are run concurrently to confirm method accuracy, precision, and linearity throughout the analytical run.	HPLC with UV detection at 425 nm is the method of choice for total curcuminoid quantification, providing the chromatographic resolution necessary to separately identify and quantify all three curcuminoid species — curcumin, demethoxycurcumin, and bisdemethoxycurcumin — which cannot be individually resolved by UV-Vis spectrophotometry alone. Individual quantification of each curcuminoid is important because their relative proportions vary between turmeric varieties, growing regions, and extraction processes, and because each curcuminoid contributes independently to the total bioactive profile. This approach provides more complete and accurate potency data than total curcuminoid UV-Vis methods and supports label claim substantiation, raw material qualification, and cGMP compliance under 21 CFR 111.	1	Total Curcuminoids
Total Dissolved Solids (TDS)	Stability	10-12 days	10	This assay quantifies the combined content of dissolved substances such as minerals, salts, metals, and organic compounds. TDS is a key indicator of water purity, taste, and suitability for use in food, beverage, and supplement manufacturing.	Samples are analyzed for total dissolved solids by measuring the residue left after evaporation and drying of the filtrate, or by correlation with conductivity measurements. Quality controls confirm accuracy and reproducibility.	Results are reported in mg/L (ppm). Monitoring TDS ensures compliance with water quality standards, identifies potential contamination, and supports consistent product formulation.	1	TDS-Total Dissolved Solids
Total Milk Allergen	Allergen	2 days	5	This assay detects milk proteins in food samples to confirm that products are either free of milk contamination or contain milk as intended. Milk allergens are highly potent and even trace amounts can trigger allergic reactions, making accurate detection critical.	Samples are extracted using a buffer optimized for milk protein recovery and applied to ELISA plates coated with milk-specific antibodies. After incubation and washing, a secondary enzyme-linked antibody is added and a color reaction is developed. The absorbance is measured against a calibration curve generated with milk protein standards, and duplicate analyses verify accuracy.	Results are expressed in ppm. Non-detectable values confirm that the product is free of milk allergens, while any measurable level indicates potential cross-contact, requiring review of manufacturing practices.	1	Milk Allergen
Total Plate Count	Microbial	4 days	10	This test estimates the total number of viable aerobic bacteria in a product, indicating overall microbial load and hygiene quality.	A sample is diluted, plated on general growth media, and incubated under aerobic conditions. Colonies are counted and reported as CFU/g or CFU/mL.	Low counts suggest good hygiene and handling; high counts may indicate poor sanitation or contamination.	1	Total Plate Count
Total Polyphenols	Phytochemical, Vitamin, and Actives	7-10 days	25	This assay quantifies total polyphenols using the Folin-Ciocalteu colorimetric method with UV-Vis detection. The method reflects the combined reducing capacity of phenolic compounds present in the sample.	Samples are extracted and reacted with the Folin-Ciocalteu reagent under alkaline conditions, producing a blue chromophore. Absorbance is measured by UV-Vis spectrophotometry and compared against a gallic acid calibration curve to calculate total polyphenol content.	Results are reported as mg gallic acid equivalents (GAE) per g (solids) or per serving (finished products). Testing provides a standardized measure of antioxidant potential, verifies label claims, and ensures batch-to-batch consistency.	1	Total Polyphenols
Total Probiotics Count	Phytochemical, Vitamin, and Actives	7-9 days	25	This assay quantifies the total viable probiotic count in a sample using a validated in-house method developed by Light Labs. Results are reported as CFU/g or CFU per serving, supporting potency verification against label claims.	Left for the lab team to fill in directly — since this is an in-house method whose steps aren't something I can reliably describe, guessing at plating/detection specifics here would just be fabricated detail dressed up as fact.	A dedicated in-house method lets Light Labs enumerate total probiotic counts using a protocol built specifically for our own product matrices.		
Total Vitamin A (Retinol, Retinyl Acetate, Retinyl Palmitate, Alpha Carotene, Beta-Carotene)	Phytochemical, Vitamin, and Actives	7-10 days	5	This test measures total Vitamin A content by quantifying retinol, retinyl acetate, retinyl palmitate, alpha-carotene, and beta-carotene in raw materials, finished products, capsules, and powders. Using High-Performance Liquid Chromatography (HPLC), it provides precise levels of both preformed Vitamin A and provitamin A carotenoids, essential for verifying product potency and meeting nutritional labeling standards. Results are reported in micrograms or International Units (IU) per serving or weight.	Samples are saponified with ethanolic potassium hydroxide to release Vitamin A compounds, followed by extraction into hexane. The hexane layer is evaporated and reconstituted in mobile phase before injection. Separation is performed using HPLC with a C18 column and detection at 325 nm for retinol derivatives and 450 nm for carotenoids. Quantification is achieved by comparing peak areas to calibration curves generated from certified reference standards for each analyte. Quality control includes duplicate injections, spike recovery tests, and analysis of standard reference materials to ensure accuracy and precision.	Results are reported in µg/g or mg/g (raw materials) or per-serving values for finished products. Testing verifies total Vitamin A potency, supports label claims, and ensures product consistency.	1	Total Vitamin A
Total Vitamin K (Phylloquinone, MK-4, MK-7)	Phytochemical, Vitamin, and Actives	7-10 days	5	This test measures the concentrations of Vitamin K1 (phylloquinone) and the key Vitamin K2 forms (menaquinones MK-4 and MK-7) in raw materials, finished products, capsules, and powders. Accurate quantification of these fat-soluble vitamins is essential for ensuring product quality and supporting nutritional labeling and regulatory compliance. The analysis is performed using High-Performance Liquid Chromatography (HPLC) with sensitivity suitable for detecting low microgram levels per gram of sample.	Samples are first extracted using an organic solvent mixture to isolate fat-soluble vitamers, followed by saponification to release bound forms. The extract is then injected into an HPLC system equipped with a reverse-phase column and detected using fluorescence detection at excitation and emission wavelengths optimized for Vitamin K compounds. Quantification is achieved by comparing peak areas to calibration curves prepared from certified reference standards for phylloquinone, MK-4, and MK-7. Method accuracy and precision are confirmed through duplicate sample analyses, inclusion of quality control samples, and spike recovery tests.	Results are reported in µg/g (raw materials) or µg/serving (finished products). Testing verifies Vitamin K potency, confirms label claims, and ensures batch-to-batch consistency.	3	MK-7 (Vitamin K2) Vitamin K1 Vitamin K2 (MK-4)
TOTOX	Stability	5 business days	50	This test determines the Total Oxidation Value (TOTOX) of oils, fats, and lipid-containing dietary supplements using a calculated method that integrates two complementary oxidation markers: the Peroxide Value (PV), which measures primary oxidation products (lipid hydroperoxides), and the Anisidine Value (AV), which measures secondary oxidation products (aldehydes, principally 2-alkenals). TOTOX is calculated using the established formula: TOTOX = 2 × PV + AV. Because PV and AV measure different stages of the lipid oxidation cascade, TOTOX provides a more complete and reliable picture of overall oxidation status than either parameter alone — PV reflects current oxidation activity while AV reflects the cumulative history of oxidation. TOTOX is widely used for quality control of fish oils, omega-3 concentrates, vegetable oils, and other lipid-rich dietary supplement ingredients. Results are reported as a dimensionless TOTOX value, with industry-standard limits typically set at ≤ 26 for fish oil (GOED voluntary monograph) and similar thresholds for other oil types.	TOTOX is calculated from the results of two independently performed oxidation assays conducted on the same representative sample. The Peroxide Value (PV) is determined by iodometric titration (AOCS Cd 8b-90 or equivalent), in which lipid hydroperoxides oxidize iodide to iodine, which is then titrated with standardized sodium thiosulfate solution; results are expressed in milliequivalents of active oxygen per kilogram of oil (meq O₂/kg). The Anisidine Value (AV) is determined by UV-Vis spectrophotometry (AOCS Cd 18-90 or equivalent), in which p-anisidine reacts with aldehydic secondary oxidation products to form a colored Schiff base measured at 350 nm; results are expressed as a dimensionless absorbance-based value. The TOTOX value is then calculated by applying the formula TOTOX = 2 × PV + AV to the individually determined PV and AV results.	Neither PV nor AV alone provides a complete assessment of lipid oxidation status: PV reflects only current hydroperoxide levels and can decrease as oxidation progresses to secondary products, while AV captures the accumulated aldehyde burden but does not reflect active peroxide formation. The TOTOX calculation integrates both parameters to provide a single composite index that accounts for both the current and historical oxidation status of the oil, making it a more robust and informative quality indicator than either measurement in isolation. TOTOX is the standard composite oxidation index used by the Global Organization for EPA and DHA Omega-3s (GOED) and other industry bodies for fish oil and omega-3 product quality specifications, and supports raw material qualification, finished product release, and cGMP compliance under 21 CFR 111.	1	Total Oxidation Value
Trace Minerals	Elemental	5-7 days	10	Assay that quantifies key dietary minerals (Magnesium, Phosphorus, Chromium, Manganese, Cobalt, Nickel, Copper, Zinc, Selenium) in food products to support nutritional fortification and labeling. It ensures that trace and major mineral contents meet regulatory and formulation targets.	Samples are subjected to acid digestion to solubilize all mineral components. The digestate is analyzed using ICP-MS/MS, where each mineral is quantified based on its mass-to-charge ratio. Calibration with certified reference materials and replicate analyses ensure precise and accurate measurement.	Results are provided in mg/kg or ppm for each mineral. These values confirm that the product meets nutritional targets and regulatory standards, while consistency across batches indicates controlled manufacturing and reliable ingredient sourcing.	10	Chromium Cobalt Copper Magnesium Manganese Molybdenum Nickel Phosphorus Selenium Zinc
TUDCA (Tauroursodeoxycholic Acid)	Phytochemical, Vitamin, and Actives	7-10 days	5	This assay quantifies tauroursodeoxycholic acid (TUDCA), a bile acid conjugate used in liver support and cellular health supplements. Using HPLC, it verifies TUDCA content in capsules, powders, and functional formulations to confirm label accuracy and ensure consistent therapeutic dosing.	Samples are extracted in aqueous or methanolic solution and analyzed by HPLC with UV detection at a compound-specific wavelength. Quantification is performed using certified TUDCA standards, with internal standard correction and duplicate injections to ensure accurate and reproducible results.	Results are reported in mg per g or per serving. Values are assessed against formulation targets and declared label claims to verify potency and detect degradation or underformulation.	1	TUDCA (Tauroursodeoxycholic Acid)
Turbidity	Stability	11-13 days	250	This assay evaluates the cloudiness or haziness of a liquid caused by suspended particles. Turbidity is an important indicator of water quality, processing effectiveness, and potential contamination.	Samples are analyzed for light scattering caused by suspended particles under controlled conditions. Results are compared against regulatory or internal quality specifications.	Results are reported in Nephelometric Turbidity Units (NTU). Monitoring turbidity ensures compliance with drinking water regulations, confirms process consistency, and protects product quality.	1	TURBIDITY
Turkesterone	Phytochemical, Vitamin, and Actives	7-10 days	5	This assay quantifies turkesterone, an ecdysteroid compound typically derived from Ajuga turkestanica. Using HPLC, it verifies turkesterone content in capsules, powders, and botanical extracts to confirm label claims and support product consistency in sports performance and adaptogenic formulations.	Samples are extracted using methanol or ethanol-based solvents under temperature-controlled conditions, then analyzed by HPLC with UV detection at a compound-specific wavelength. Quantification is performed using certified turkesterone standards, with internal standard correction and duplicate injections to ensure accuracy.	Results are reported in mg per g or per serving. Values are compared to formulation targets and declared label claims to confirm active content and detect adulteration or low-potency extracts.	1	Turkesterone
Turmeric ID	Phytochemical, Vitamin, and Actives	11-13 days	7	This test confirms the botanical identity of turmeric (Curcuma longa) in raw materials and finished products using High-Performance Thin-Layer Chromatography (HPTLC). The characteristic curcuminoid fingerprint — including curcumin, demethoxycurcumin, and bisdemethoxycurcumin — of the sample is compared against a certified Curcuma longa reference standard to confirm species authenticity and detect substitution with other Curcuma species, synthetic curcumin colorants, or unrelated botanical materials. Results are reported as confirmed identity or non-conforming.	A representative sample is extracted using methanol or ethanol and applied alongside a certified Curcuma longa reference standard onto an HPTLC silica gel plate. The plate is developed in a validated solvent system, examined under UV at 366 nm to visualize the characteristic fluorescent curcuminoid bands, and the resulting fingerprint is compared visually and by densitometric scanning to the reference standard in terms of Rf values, band positions, and fluorescence profile.	Turmeric is one of the most widely consumed botanical ingredients globally and is a well-documented target for adulteration — including spiking with synthetic curcumin, addition of lead chromate as a yellow colorant, and substitution with other Curcuma species. HPTLC identity testing based on the curcuminoid fingerprint provides a rapid and defensible species confirmation, supporting supplier qualification and cGMP compliance under 21 CFR 111.		
Ubiquinol (Reduced Coenzyme Q10)	Phytochemical, Vitamin, and Actives	7-10 days	5	This assay quantifies ubiquinol, the reduced and bioactive form of Coenzyme Q10, in supplements and functional products. Using HPLC, it verifies ubiquinol content to support label accuracy and ensure stability in formulations targeting mitochondrial health and oxidative stress.	Samples are extracted under oxygen- and light-protected conditions to prevent oxidation to ubiquinone. The extract is analyzed by HPLC with UV detection at a compound-specific wavelength. Quantification is performed using certified ubiquinol standards, with internal standard correction and duplicate runs for precision.	Results are reported in mg per g or per serving. Values are compared to formulation targets and label claims to confirm dosing and detect oxidation or degradation in stored products.	1	Ubiquinol (Reduced Coenzyme Q10)
Unit Bag Weight	Stability	3 days					1	Unit Weight
Uranium	Elemental	7-10 days	5	This assay quantifies uranium (U) content using Inductively Coupled Plasma Mass Spectrometry (ICP-MS). The method provides highly sensitive detection of uranium isotopes across diverse sample types.	Samples are digested and introduced into the ICP-MS, where uranium atoms are ionized in plasma and detected by mass spectrometry. Internal standards and calibration with certified reference materials ensure accuracy and reproducibility.	Results are reported in parts per billion (ppb) or parts per million (ppm), with the option to convert to µg/serving for finished products. Testing verifies compliance with safety guidelines, identifies contamination risks, and ensures consumer protection.	1	Uranium
Urolithin A	Phytochemical, Vitamin, and Actives	7-10 days	5	This assay quantifies urolithin A, a gut-derived metabolite of ellagitannins known for its role in promoting mitophagy and cellular energy. Using HPLC, it verifies urolithin A content in longevity and performance supplements to confirm label accuracy and consistent bioactive delivery.	Samples are extracted using alcohol or aqueous solvents and analyzed by HPLC with UV detection at a compound-specific wavelength. Quantification is performed using certified urolithin A standards, with internal standard correction and duplicate runs to ensure precision and reliability.	Results are reported in mg per g or per serving. Values are assessed against formulation targets and label claims to confirm standardized dosing and detect degradation or variability in raw material quality.	1	Urolithin A
Vanadium	Phytochemical, Vitamin, and Actives	7-10 days	5	This assay quantifies vanadium, a trace element that may occur naturally in soil, water, or raw materials. Using ICP-MS, it detects and measures vanadium content in supplements, food products, and ingredients to confirm compliance with quality specifications and safety guidelines.	Samples are digested using acid-based microwave or wet digestion protocols and analyzed by Inductively Coupled Plasma Mass Spectrometry (ICP-MS). Quantification is performed using certified vanadium standards, with internal standard correction and duplicate injections to ensure reproducibility and precision.	Results are reported in ppm (mg/kg) or µg per serving. Values are compared to formulation specifications or international safety thresholds (e.g., USP, FDA, EFSA) to verify compliance and identify potential contamination risks.	2	Moisture Vanadium
Viscosity (Brookfield)	Contaminants	13-15 days	100	This assay measures viscosity using a Brookfield rotational viscometer, the industry standard for semi-solid, liquid, and suspension products. The test evaluates the resistance of a sample to spindle rotation, expressed in centipoise (cP). It is widely used to confirm formulation stability, batch-to-batch uniformity, and compliance with product specifications.	Samples are placed in a test chamber and analyzed with a Brookfield viscometer under controlled spindle speed and temperature conditions. The torque required to rotate the spindle is measured and converted into viscosity (cP). Method conditions (e.g., spindle type, RPM, temperature) are set according to product type and specification requirements.	Results are reported in centipoise (cP). Values are compared against formulation specifications to confirm viscosity targets, ensure consistent texture or flow properties, and verify processing quality. Deviations may indicate formulation issues, instability, or manufacturing errors.	1	Viscosity (Brookfield)
Vitamin A (Alpha Carotene)	Phytochemical, Vitamin, and Actives	7-10 days	5	This assay quantifies retinyl palmitate, a fat-soluble and commonly used form of vitamin A, in food and supplement samples. It measures vitamin A content using HPLC to verify potency and support accurate labeling in fortified formulations.	Samples are extracted under light- and oxygen-protected conditions to prevent degradation. The extract is analyzed by HPLC with detection based on absorbance at a specific wavelength. Calibration with high-purity retinyl palmitate standards, along with internal standard correction and duplicate runs, ensures reliable quantification.	Results are provided in IU or mcg per 100 g or per serving. Values are compared with label claims and formulation targets. Consistency across batches confirms product stability, while deviations may indicate oxidation or storage-related degradation.	1	Vitamin A (Alpha Carotene)
Vitamin A (as Beta-Carotene)	Phytochemical, Vitamin, and Actives	7 days	5	This assay quantifies beta-carotene, a provitamin A carotenoid that converts to active vitamin A in the body. It measures beta-carotene content in food and supplement samples using HPLC to support accurate labeling and formulation consistency.	Samples are extracted under light-protected conditions to preserve beta-carotene integrity. The extract is analyzed by HPLC with detection based on absorbance at a specific wavelength. Calibration with high-purity beta-carotene standards, along with internal standard correction and duplicate runs, ensures reliable quantification.	Results are provided in mcg per 100 g or per serving, and may be converted to IU based on equivalency factors. The values are compared with label claims and formulation goals. Consistent levels confirm stability, while variation may reflect degradation due to light or heat exposure.	1	Vitamin A (Beta Carotene)
Vitamin A (as Retinyl Acetate)	Phytochemical, Vitamin, and Actives	7 days	5	This assay quantifies retinyl acetate, a stable and commonly used supplemental form of vitamin A, in food and supplement samples. It measures active vitamin A content using HPLC to ensure proper dosing and verify label claims in fortified products.	Samples are extracted under light-protected and oxygen-controlled conditions to preserve retinyl acetate. The extract is analyzed by HPLC with detection based on absorbance at a specific wavelength. Calibration with high-purity retinyl acetate standards, along with internal standard correction and duplicate runs, ensures reliable quantification.	Results are provided in IU or mcg per 100 g or per serving. The values are compared with formulation targets and label claims. Consistent results confirm product stability, while variation may indicate degradation due to oxidation or improper storage.	1	Vitamin A (Retinyl Acetate)
Vitamin A (as Retinyl Palmitate)	Phytochemical, Vitamin, and Actives	7 days	5	This test quantifies retinyl palmitate, the most common esterified storage form of Vitamin A used in dietary supplements and fortified foods, using High-Performance Liquid Chromatography with UV detection (HPLC-UV). Retinyl palmitate is a fat-soluble retinoid that is hydrolyzed in the body to retinol and subsequently converted to the active forms required for vision, immune response, and cellular differentiation. Results are reported in IU or mcg RAE (Retinol Activity Equivalents) per serving or per gram to support label claim verification and cGMP compliance.	A representative sample is weighed and subjected to saponification using an ethanolic potassium hydroxide solution under heat to hydrolyze retinyl palmitate to free retinol, followed by liquid-liquid extraction with an organic solvent such as hexane. Alternatively, direct extraction without saponification may be used to quantify the intact ester form. The extract is evaporated, reconstituted in mobile phase, and injected onto a reversed-phase C18 HPLC column. Detection is performed by UV at approximately 325 nm, and quantification is performed against a multi-point external calibration curve prepared from a certified retinyl palmitate or retinol reference standard. All sample preparation steps are conducted under amber or reduced-light conditions to prevent photodegradation of the retinoid.	Retinyl palmitate is the predominant form of preformed Vitamin A in supplement formulations and must be accurately quantified to substantiate label claims expressed in IU or mcg RAE and to ensure compliance with FDA cGMP requirements. HPLC-UV at 325 nm provides the selectivity needed to resolve retinyl palmitate and retinol from carotenoids and other fat-soluble vitamins that may be present in multi-ingredient formulations, delivering reliable potency data across softgels, tablets, and powders.	1	Vitamin A (Retinyl Palmitate)
Vitamin B12 (Adenosylcobalamin)	Phytochemical, Vitamin, and Actives	7-10 days	5	This assay quantifies adenosylcobalamin, one of the biologically active forms of vitamin B12, in food and supplement samples. It measures adenosylcobalamin content using LC-MS/MS to ensure potency in formulations targeting cellular energy and neurological health.	Samples are extracted under light- and temperature-controlled conditions to preserve adenosylcobalamin. The extract is analyzed by LC-MS/MS with detection based on specific mass transitions. Calibration with high-purity adenosylcobalamin standards, along with internal standard correction and duplicate runs, ensures reliable quantification.	Results are provided in mcg per 100 g or per serving. The values are compared with label claims and formulation targets. Consistent results confirm product stability, while variation may indicate degradation or improper storage conditions.	1	Vitamin B12 (Adenosylcobalamin)
Vitamin B12 (Cyanocobalamin)	Phytochemical, Vitamin, and Actives	7-10 days	5	This assay quantifies cyanocobalamin, the synthetic and most stable form of vitamin B12, in food and supplement samples. It measures cyanocobalamin content using LC-MS/MS to verify label claims and ensure accurate dosing in fortified products.	Samples are extracted under controlled conditions to preserve cyanocobalamin integrity. The extract is analyzed by LC-MS/MS with detection based on specific mass transitions. Calibration with high-purity cyanocobalamin standards, along with internal standard correction and duplicate runs, ensures reliable quantification.	Results are provided in mcg per 100 g or per serving. The values are assessed against label claims and formulation targets. Consistency across batches confirms stability and dosing accuracy, while deviations may suggest degradation or quality issues.	1	Vitamin B12 (Cyanocobalamin)
Vitamin B12 (Hydroxycobalamin)	Phytochemical, Vitamin, and Actives	7-10 days	5	This assay quantifies hydroxycobalamin, a natural and bioavailable form of vitamin B12, in food and supplement samples. It measures hydroxycobalamin content using LC-MS/MS to ensure accurate dosing in formulations focused on metabolic and nervous system support.	Samples are extracted under light-protected and temperature-controlled conditions to preserve hydroxycobalamin. The extract is analyzed by LC-MS/MS with detection based on specific mass transitions. Calibration with high-purity hydroxycobalamin standards, along with internal standard correction and duplicate runs, ensures reliable quantification.	Results are provided in mcg per 100 g or per serving. The values are compared with label claims and formulation specifications. Stable values across batches confirm product quality, while deviations may indicate sensitivity to processing or storage conditions.	1	Vitamin B12 (Hydroxycobalamin)
Vitamin B12 (Methylcobalamin)	Phytochemical, Vitamin, and Actives	7 days	5	This test quantifies methylcobalamin, the active coenzyme form of Vitamin B12, in dietary supplements and raw materials using Liquid Chromatography with Tandem Mass Spectrometry (LC-MS/MS). Methylcobalamin is preferred in premium supplement formulations for its direct bioavailability and role in neurological function and methionine synthesis. LC-MS/MS is required for this analysis due to its ability to specifically identify and quantify methylcobalamin at the trace levels present in supplement matrices, distinguishing it from other cobalamin forms such as cyanocobalamin and adenosylcobalamin. Results are reported in mcg per serving or mcg per gram to support label claim verification and cGMP compliance.	A representative sample is weighed and extracted using an aqueous buffer or methanol-water solvent system under low-light conditions to minimize photodegradation of the cobalamin compound. The clarified extract is injected onto a reversed-phase C18 HPLC column coupled to a triple quadrupole mass spectrometer operating in positive ionization Multiple Reaction Monitoring (MRM) mode. Specific precursor-to-product ion transitions unique to methylcobalamin are monitored for quantification and confirmation. Quantification is performed against a multi-point calibration curve prepared from a certified methylcobalamin reference standard, with a stable isotope-labeled internal standard used to correct for matrix effects and recovery variability.	Methylcobalamin is present at microgram-per-serving levels in supplements, requiring a highly sensitive and selective method to achieve accurate quantification. Unlike HPLC-UV, LC-MS/MS can unambiguously distinguish methylcobalamin from structurally similar cobalamin forms (cyanocobalamin, hydroxocobalamin, adenosylcobalamin) that may co-elute under chromatographic conditions, making it the method of choice for label claim verification in products where the specific form of B12 is a key differentiator.	1	Vitamin B12 (Methylcobalamin)
Vitamin B12 (Total: Adenosylcobalamin, Hydroxycobalamin, Methylcobalamin, Cyanocobalamin)	Phytochemical, Vitamin, and Actives	7-10 days	5	This assay quantifies total vitamin B12, including various forms like Adenosylcobalamin, Hydroxycobalamin, Methylcobalamin, and Cyanocobalamin, in food and supplement samples. It measures total B12 content using LC-MS/MS to verify nutritional claims and ensure consistent dosing.	Samples are extracted and treated to release all cobalamin forms. The extract is analyzed by LC-MS/MS with detection based on specific mass transitions. Calibration with certified cobalamin standards, along with internal standard correction and duplicate runs, ensures reliable quantification.	Results are provided in mcg per 100 g or per serving. Values are compared with formulation targets and label claims. Consistent levels across batches confirm manufacturing accuracy, while deviations may signal formulation or raw material issues.	4	Vitamin B12 (Adenosylcobalamin) Vitamin B12 (Cyanocobalamin) Vitamin B12 (Hydroxycobalamin) Vitamin B12 (Methylcobalamin)
Vitamin B1 (Benfotiamine)	Phytochemical, Vitamin, and Actives	7-10 days	5	This assay quantifies vitamin B1 (benfotiamine) in food and supplement samples. It involves converting benfotiamine to its biologically active form and measuring total thiamine content using LC-MS/MS. Accurate measurement is essential for verifying nutritional claims and ensuring formulation consistency.	Samples are extracted under conditions that convert benfotiamine into thiamine for analysis. The extract is analyzed by LC-MS/MS with detection based on specific mass transitions. Calibration with high-purity thiamine standards, along with internal standard correction and duplicate runs, ensures reliable quantification.	Results are provided in mg per 100 g or per serving. The values are compared with expected targets and label claims, and consistent results across batches confirm stable product formulation. Significant deviations may indicate processing or storage issues.	1	Vitamin B1 (Benfotiamine)
Vitamin B1 (Thiamine)	Phytochemical, Vitamin, and Actives	7 days	5	This test quantifies thiamine (Vitamin B1) in dietary supplements, fortified foods, and raw materials using High-Performance Liquid Chromatography with UV detection (HPLC-UV). Thiamine is an essential water-soluble vitamin that acts as a coenzyme in carbohydrate metabolism and is critical for proper nerve and muscle function. Results are reported in mg per serving or mg per gram to support label claim verification and cGMP compliance.	A representative sample is weighed and extracted using a dilute acidic aqueous solvent with sonication or gentle heating to ensure complete solubilization of thiamine. The extract is filtered, diluted to volume, and injected onto a reversed-phase C18 HPLC column. Detection is performed by UV at approximately 254 nm, and quantification is performed against a multi-point external calibration curve prepared from a certified thiamine reference standard. System suitability and QC samples are run concurrently to confirm method accuracy and reproducibility across the analytical run.	Thiamine is a required nutrient declaration on supplement facts panels and must be accurately quantified to substantiate label claims and meet FDA cGMP requirements. HPLC-UV provides the specificity needed to resolve thiamine from co-formulants and degradation products in complex supplement matrices, offering a more reliable measure of potency than microbiological or colorimetric methods in multi-ingredient formulations.	1	Vitamin B1 (Thiamine)
Vitamin B2 (Riboflavin)	Phytochemical, Vitamin, and Actives	7 days	5	This test quantifies riboflavin (Vitamin B2) in dietary supplements, fortified foods, and raw materials using High-Performance Liquid Chromatography with UV detection (HPLC-UV). Riboflavin is an essential water-soluble vitamin that serves as a precursor to the coenzymes FMN and FAD, which are central to cellular energy metabolism and antioxidant defense. Results are reported in mg per serving or mg per gram to support label claim verification and cGMP compliance.	A representative sample is weighed and extracted using a dilute acidic aqueous solvent with sonication or heating to ensure complete solubilization of riboflavin. The extract is filtered, diluted to volume, and injected onto a reversed-phase C18 HPLC column. Detection is performed by UV at approximately 267 nm or by fluorescence detection as an alternative, and quantification is performed against a multi-point external calibration curve prepared from a certified riboflavin reference standard. System suitability and QC samples are run concurrently to confirm method accuracy and reproducibility.	Riboflavin is a required nutrient declaration on supplement facts panels and must be accurately quantified to substantiate label claims and meet FDA cGMP requirements. HPLC-UV provides the specificity needed to measure riboflavin in complex supplement matrices, distinguishing it from structurally related flavin compounds and co-formulants that may interfere with simpler colorimetric assays.	1	Vitamin B2 (Riboflavin)
Vitamin B2 (Riboflavin 5-phosphate)	Phytochemical, Vitamin, and Actives	7 days	5	This assay quantifies riboflavin 5-phosphate, the active coenzyme form of vitamin B2, in food and supplement samples. It involves stabilizing and measuring the riboflavin 5-phosphate content using LC-MS/MS. Accurate measurement is essential for verifying bioavailable forms and formulation consistency.	Samples are extracted under light-protected conditions to preserve riboflavin 5-phosphate integrity. The extract is analyzed by LC-MS/MS with detection based on specific mass transitions. Calibration with high-purity standards, along with internal standard correction and duplicate runs, ensures reliable quantification.	Results are provided in mg per 100 g or per serving. The values are compared with expected targets and label claims, and consistent results across batches confirm stable product formulation. Significant deviations may indicate processing or storage issues.	1	Vitamin B2 (Riboflavin 5-phosphate)
Vitamin B3 (as Niacinamide)	Phytochemical, Vitamin, and Actives	7 days	5	This test quantifies niacinamide (nicotinamide), the amide form of Vitamin B3, in dietary supplements, fortified foods, and raw materials using High-Performance Liquid Chromatography with UV detection (HPLC-UV). Niacinamide is widely used in supplements and functional foods for its role in energy metabolism and NAD+ biosynthesis, and accurate potency measurement is required for label claim verification and cGMP compliance. Results are reported in mg per serving or mg per gram, as applicable.	A representative sample is weighed and extracted using a dilute aqueous or acidic solvent with sonication or gentle heating to ensure complete solubilization of niacinamide. The extract is filtered, diluted to volume, and injected onto a reversed-phase C18 HPLC column. Detection is performed by UV at approximately 254 nm, and quantification is performed against a multi-point external calibration curve prepared from a certified niacinamide reference standard. System suitability and QC samples are run concurrently to confirm method performance and accuracy.	Niacinamide is the predominant form of Vitamin B3 used in dietary supplements and is distinct from nicotinic acid (niacin) in both its biochemical behavior and its side effect profile — notably, it does not cause the flushing response associated with niacin. HPLC-UV provides the specificity required to quantify niacinamide independently of niacin and other co-formulants, ensuring label claim accuracy and supporting regulatory compliance across finished products and raw materials.	1	Vitamin B3 (Niacinamide)
Vitamin B3 (Niacin, Nicotinic Acid)	Phytochemical, Vitamin, and Actives	7 days	5	This test quantifies Vitamin B3, including both niacin (nicotinic acid) and niacinamide (nicotinamide) forms, in dietary supplements, fortified foods, and raw materials using High-Performance Liquid Chromatography with UV detection (HPLC-UV). Niacin is an essential water-soluble B vitamin critical for energy metabolism and cellular function, and accurate potency measurement is required for label claim verification and compliance with FDA and cGMP requirements. Results are reported in mg per serving or mg per gram, as applicable.	A representative sample is weighed and extracted using a dilute aqueous or acidic solvent (such as dilute hydrochloric acid or phosphate buffer) with sonication or heating to ensure complete solubilization of both niacin and niacinamide forms. The extract is filtered, diluted to volume, and injected onto a reversed-phase C18 HPLC column. Separation and detection are performed using UV detection at approximately 254 nm. Quantification is performed against a multi-point external calibration curve prepared from certified reference standards for both niacin and niacinamide, with system suitability and QC samples run concurrently to confirm method performance.	Niacin and niacinamide are the two primary forms of Vitamin B3 used in dietary supplements and food fortification, and both must be accurately measured to confirm label claims. HPLC-UV is the standard analytical approach for B vitamin quantification, offering the specificity needed to distinguish between the two forms and the sensitivity required to detect low-dose formulations. Accurate potency data is essential for regulatory compliance, label claim substantiation, and ensuring consistent product quality across batches.	1	Vitamin B3 (Niacin)
Vitamin B5 (Pantothenic acid)	Phytochemical, Vitamin, and Actives	7 days	5	This test quantifies pantothenic acid (Vitamin B5) in dietary supplements, fortified foods, and raw materials using High-Performance Liquid Chromatography with UV detection (HPLC-UV). Pantothenic acid is an essential water-soluble vitamin required for the synthesis of coenzyme A and plays a central role in fatty acid metabolism and energy production. Results are reported in mg per serving or mg per gram, as applicable, to support label claim verification and cGMP compliance.	A representative sample is weighed and extracted using a dilute aqueous buffer or acidic solvent with sonication to ensure complete solubilization of pantothenic acid. The clarified extract is filtered, diluted to volume, and injected onto a reversed-phase C18 HPLC column. Detection is performed by UV at approximately 200–210 nm, and quantification is performed against a multi-point external calibration curve prepared from a certified pantothenic acid reference standard. System suitability and QC samples are run concurrently to confirm method accuracy and reproducibility.	Pantothenic acid is a required nutrient declaration on supplement facts panels and must be accurately quantified to substantiate label claims and meet FDA cGMP requirements. HPLC-UV provides the specificity and sensitivity needed to measure pantothenic acid in complex supplement matrices, distinguishing it from co-formulants and excipients that may interfere with simpler colorimetric or microbiological methods.	1	Vitamin B5 (Pantothenic acid)
Vitamin B6 (as Pyridoxine HCl)	Phytochemical, Vitamin, and Actives	7 days	5	This test quantifies pyridoxine hydrochloride (Vitamin B6) in dietary supplements, fortified foods, and raw materials using High-Performance Liquid Chromatography with UV detection (HPLC-UV). Pyridoxine HCl is the most common supplemental form of Vitamin B6, an essential coenzyme involved in amino acid metabolism, neurotransmitter synthesis, and immune function. Results are reported in mg per serving or mg per gram to support label claim verification and cGMP compliance.	A representative sample is weighed and extracted using a dilute acidic aqueous solvent with sonication to ensure complete solubilization of pyridoxine HCl. The extract is filtered, diluted to volume, and injected onto a reversed-phase C18 HPLC column. Detection is performed by UV at approximately 290 nm, and quantification is performed against a multi-point external calibration curve prepared from a certified pyridoxine HCl reference standard. System suitability and QC samples are run concurrently to confirm method performance and inter-run reproducibility.	Vitamin B6 is a required nutrient declaration on supplement facts panels and must be accurately quantified to substantiate label claims and meet FDA cGMP requirements. HPLC-UV with UV detection at 290 nm provides the selectivity needed to resolve pyridoxine from other B vitamins and common excipients, ensuring accurate potency measurement across a range of supplement formats including tablets, capsules, and powders.	1	Vitamin B6 (Pyridoxine HCl)
Vitamin B6 (Pyridoxal 5'-Phosphate)	Phytochemical, Vitamin, and Actives	5-7 days	5	This assay quantifies pyridoxal 5’-phosphate (PLP), the active coenzyme form of vitamin B6, in food and supplement samples. It involves stabilizing and measuring PLP content using LC-MS/MS to verify potency and ensure formulation consistency.	Samples are extracted under light- and temperature-controlled conditions to preserve PLP. The extract is analyzed by LC-MS/MS with detection based on specific mass transitions. Calibration with high-purity PLP standards, along with internal standard correction and duplicate runs, ensures reliable quantification.	Results are provided in mg per 100 g or per serving. Values are compared with label claims and expected formulation targets. Stable readings across batches confirm product consistency, while variability may suggest degradation or quality control issues.	1	Vitamin B6 (Pyridoxal 5'-Phosphate)
Vitamin B6 (Pyridoxamine)	Phytochemical, Vitamin, and Actives	7-10 days	5	This assay quantifies pyridoxamine, one of the biologically active forms of vitamin B6, in food and supplement samples. It measures pyridoxamine content using HPLC to verify formulation potency and support accurate labeling in B6-complex and metabolic health products.	Samples are extracted under controlled conditions to preserve pyridoxamine. The extract is analyzed by HPLC with detection based on absorbance at a specific wavelength. Calibration with high-purity pyridoxamine standards, along with internal standard correction and duplicate runs, ensures reliable quantification.	Results are provided in mg per 100 g or per serving. Values are compared with formulation targets and label claims. Consistent levels confirm ingredient integrity, while variability may indicate degradation or conversion during processing or storage.	1	Vitamin B6 (Pyridoxamine)
Vitamin B7 (Biotin)	Phytochemical, Vitamin, and Actives	7 days	5	This test quantifies biotin (Vitamin B7) in dietary supplements and raw materials using Liquid Chromatography with Tandem Mass Spectrometry (LC-MS/MS). Biotin is an essential water-soluble vitamin that acts as a coenzyme in carboxylation reactions involved in fatty acid synthesis, gluconeogenesis, and amino acid metabolism. LC-MS/MS is the preferred method for biotin quantification due to the low microgram-to-milligram dose levels used in supplements and the need to distinguish biotin from structurally similar compounds in complex matrices. Results are reported in mcg per serving or mcg per gram to support label claim verification and cGMP compliance.	A representative sample is weighed and extracted using an aqueous buffer or methanol-water solvent system with sonication to ensure complete solubilization of biotin. The clarified extract is injected onto a reversed-phase C18 HPLC column coupled to a triple quadrupole mass spectrometer operating in positive ionization Multiple Reaction Monitoring (MRM) mode. Specific precursor-to-product ion transitions characteristic of biotin are monitored for quantification and confirmation. Quantification is performed against a multi-point calibration curve prepared from a certified biotin reference standard, with a stable isotope-labeled internal standard used to correct for matrix effects and ensure accurate recovery across sample types.	Biotin is commonly formulated across a wide dose range — from standard 30–300 mcg levels to high-dose 5,000–10,000 mcg products — requiring a method with both the sensitivity to detect low doses and the dynamic range to accurately quantify high-dose formulations. LC-MS/MS provides the selectivity to distinguish biotin from co-eluting matrix components and structurally related compounds that can interfere with HPLC-UV or microbiological methods, making it the most reliable approach for label claim verification across diverse supplement formats.	1	Vitamin B7 (Biotin)
Vitamin B9 (Folic acid)	Phytochemical, Vitamin, and Actives	7 days	5	This assay quantifies folic acid, the synthetic supplemental form of vitamin B9, in food and supplement samples. It measures total folic acid content using LC-MS/MS to verify dosage and support nutritional claims in fortified products.	Samples are extracted and treated to stabilize folic acid. The extract is analyzed by LC-MS/MS with detection based on specific mass transitions. Calibration with high-purity folic acid standards, along with internal standard correction and duplicate runs, ensures reliable quantification.	Results are provided in mcg per 100 g or per serving. The values are compared to label claims and formulation targets. Consistent readings confirm accurate dosing, while deviations may indicate manufacturing or degradation issues.	1	Vitamin B9 (Folic acid) single form
Vitamin B9 (Folinic acid)	Phytochemical, Vitamin, and Actives	7-10 days	5	This assay quantifies folinic acid (also known as 5-formyltetrahydrofolate), a metabolically active form of folate, in food and supplement samples. It measures folinic acid content using LC-MS/MS to confirm potency in advanced formulations for methylation and cellular health.	Samples are extracted under stabilized conditions to preserve folinic acid. The extract is analyzed by LC-MS/MS with detection based on specific mass transitions. Calibration with high-purity folinic acid standards, along with internal standard correction and duplicate runs, ensures reliable quantification.	Results are provided in mcg per 100 g or per serving. The values are compared to formulation targets and label claims. Stable results confirm consistent manufacturing, while variability may indicate instability during processing or storage.	1	Vitamin B9 (Folinic acid)
Vitamin B9 (L-methyltetrahydrofolic acid, 5MTHF)	Phytochemical, Vitamin, and Actives	7 days	5	This test quantifies L-methyltetrahydrofolic acid (5-MTHF), the active, bioavailable form of Vitamin B9 (folate), in dietary supplements and raw materials using High-Performance Liquid Chromatography with UV detection (HPLC-UV). Unlike synthetic folic acid, 5-MTHF does not require enzymatic conversion and is the predominant circulating form of folate in the body, making accurate potency measurement critical for products targeting methylation support, prenatal health, and cardiovascular function. Results are reported in mcg per serving or mcg per gram to support label claim verification and cGMP compliance.	A representative sample is weighed and extracted using a dilute phosphate buffer or acidic aqueous solvent under low-light conditions to minimize photodegradation of the folate compound. The extract is filtered, diluted to volume, and injected onto a reversed-phase C18 HPLC column. Detection is performed by UV at approximately 290–300 nm, and quantification is performed against a multi-point external calibration curve prepared from a certified 5-MTHF reference standard. System suitability and QC samples are run concurrently, and all sample preparation steps are conducted under amber or reduced-light conditions to preserve analyte integrity.	5-MTHF is increasingly used in premium supplement formulations as a bioavailable alternative to synthetic folic acid, particularly for individuals with MTHFR gene variants who have reduced capacity to convert folic acid to its active form. Accurate quantification of 5-MTHF is essential to substantiate label claims, differentiate it from other folate forms in multi-ingredient products, and meet FDA cGMP requirements. HPLC-UV provides the specificity and sensitivity required to measure this light-sensitive compound reliably across capsule, tablet, and powder matrices.	1	Vitamin B9 (L-methyltetrahydrofolic acid, 5MTHF)
Vitamin C (Ascorbic acid)	Phytochemical, Vitamin, and Actives	5-7 days	5	This test quantifies ascorbic acid (Vitamin C) in dietary supplements, fortified foods, beverages, and raw materials using High-Performance Liquid Chromatography with UV detection (HPLC-UV). Vitamin C is one of the most widely used dietary supplement ingredients and is essential for immune defense, collagen synthesis, and antioxidant activity. Results are reported in mg per serving or mg per gram to support label claim verification and cGMP compliance.	A representative sample is weighed and extracted using a dilute acidic solvent — typically metaphosphoric acid or oxalic acid solution — to stabilize ascorbic acid and prevent oxidative degradation during sample preparation. The extract is filtered, diluted to volume, and injected onto a reversed-phase C18 HPLC column. Detection is performed by UV at approximately 245–254 nm, and quantification is performed against a multi-point external calibration curve prepared from a certified ascorbic acid reference standard. System suitability and QC samples are run concurrently to confirm method accuracy and stability of the analyte throughout the analytical run.	Vitamin C is a required nutrient declaration on supplement facts panels and is among the most commonly label-claimed ingredients in the supplement industry. Accurate potency measurement is essential for regulatory compliance and consumer trust. HPLC-UV is preferred over titration methods for complex matrices because it provides the selectivity to distinguish ascorbic acid from interfering reducing agents and co-formulants, delivering reliable results across tablets, capsules, powders, and liquids.	1	Vitamin C (Ascorbic Acid)
Vitamin C (Calcium Ascorbate)	Phytochemical, Vitamin, and Actives	7-10 days	15	This test quantifies the vitamin C content of calcium ascorbate — a calcium salt of ascorbic acid commonly used as a buffered, stomach-friendly alternative to ascorbic acid in dietary supplements — by measuring its ascorbic acid equivalent content using High-Performance Liquid Chromatography (HPLC). Calcium ascorbate contains approximately 89–91% ascorbic acid by mass (theoretical), and potency is reported as ascorbic acid equivalents to align with standard vitamin C label claim conventions under 21 CFR 101. Accurate quantification ensures that the declared vitamin C content is present and supports compliance with nutritional labeling requirements and cGMP standards under 21 CFR 111. Results are reported in milligrams of ascorbic acid equivalents per gram or per serving.	A representative sample is accurately weighed and dissolved in an appropriate aqueous diluent, typically a dilute acidic solution (e.g., metaphosphoric acid or oxalic acid) to stabilize ascorbic acid and prevent oxidative degradation during sample preparation. The solution is filtered and analyzed by reversed-phase HPLC on a C18 column with UV detection at 254 nm, the characteristic absorption maximum of ascorbic acid. Quantification is performed against a multi-point external calibration curve prepared from a certified L-ascorbic acid reference standard. Both L-ascorbic acid and, where applicable, dehydroascorbic acid (the oxidized form) may be monitored to assess total vitamin C activity. Quality control samples are run concurrently to confirm method accuracy, precision, and linearity throughout the analytical run.	While calcium ascorbate can be characterized by titration or colorimetric methods, HPLC with UV detection provides superior specificity by chromatographically resolving ascorbic acid from potential degradation products, excipients, and matrix interferences. This is particularly important for finished supplement matrices where other antioxidants or reducing agents may interfere with non-specific assay methods. Reporting results as ascorbic acid equivalents ensures direct comparability with label claims and regulatory requirements for vitamin C content, supporting both raw material qualification and finished product release testing.	1	Vitamin C (Calcium Ascorbate)
Vitamin D2 (ergocalciferol)	Phytochemical, Vitamin, and Actives	7-10 days	5	This test quantifies Vitamin D2 (ergocalciferol), an essential nutrient commonly added to dietary supplements and fortified foods, using LC-MS/MS for precise measurement. It is suitable for various matrices including raw materials, capsules, and powders. The method detects Vitamin D2 at concentrations as low as 1 ng/g, ensuring accurate assessment of product potency and compliance with labeling requirements.	Samples are first saponified with ethanolic potassium hydroxide to release ergocalciferol, followed by extraction with hexane. The extract is evaporated and reconstituted in methanol before analysis. LC-MS/MS is performed using electrospray ionization in positive mode, with multiple reaction monitoring (MRM) transitions specific to ergocalciferol. Quantification is achieved via an external calibration curve prepared from certified Vitamin D2 standards. Method accuracy and precision are verified through duplicate injections, spiked recovery tests, and inclusion of quality control samples in each batch.	Testing confirms label claims, ensures formulation accuracy, and supports regulatory compliance for Vitamin D–fortified products.	1	Vitamin D2
Vitamin D3 (Cholecalciferol)	Phytochemical, Vitamin, and Actives	7 days	5	This test quantifies cholecalciferol (Vitamin D3) in dietary supplements, fortified foods, and raw materials using High-Performance Liquid Chromatography with UV detection (HPLC-UV). Vitamin D3 is the preferred supplemental form of Vitamin D due to its superior bioavailability and potency relative to Vitamin D2, and it plays a critical role in calcium absorption, bone mineralization, and immune regulation. Results are reported in IU or mcg per serving or per gram to support label claim verification and cGMP compliance.	A representative sample is weighed and subjected to saponification using an ethanolic potassium hydroxide solution under heat to release cholecalciferol from its matrix, followed by liquid-liquid extraction with an organic solvent such as hexane or diethyl ether. The extract is evaporated, reconstituted in mobile phase, and injected onto a normal-phase or reversed-phase HPLC column. Detection is performed by UV at approximately 265 nm, and quantification is performed against a multi-point external calibration curve prepared from a certified cholecalciferol reference standard. All sample preparation steps are conducted under amber or reduced-light conditions to prevent photodegradation, and system suitability and QC samples are run concurrently to confirm method performance.	Vitamin D3 is one of the most widely consumed dietary supplement ingredients and is subject to strict label claim requirements under FDA cGMP regulations. Accurate potency measurement is essential given the narrow therapeutic window between adequate intake and potential toxicity at high doses. HPLC-UV provides the selectivity to distinguish cholecalciferol from Vitamin D2 and related sterols in complex supplement matrices, ensuring reliable quantification across softgels, tablets, powders, and oil-based formulations.	1	Vitamin D3 (Cholecalciferol)
Vitamin E (Alpha-Tocopherol)	Phytochemical, Vitamin, and Actives	7 days	5	This assay quantifies alpha-tocopherol, the most active and bioavailable form of vitamin E, in food and supplement samples. It measures vitamin E content using HPLC to ensure accurate dosing and verify label claims in antioxidant-focused formulations.	Samples are extracted under light- and oxygen-protected conditions to prevent oxidation. The extract is analyzed by HPLC with detection based on absorbance at a specific wavelength. Calibration with high-purity alpha-tocopherol standards, along with internal standard correction and duplicate runs, ensures reliable quantification.	Results are provided in IU or mg per 100 g or per serving. The values are compared with formulation targets and label claims. Stable values confirm proper formulation and storage, while significant loss may indicate degradation due to oxidative stress.	1	Vitamin E (Alpha Tocopherols)
Vitamin E (as Alpha-Tocopherol Acetate)	Phytochemical, Vitamin, and Actives	7 days	5	This assay quantifies alpha-tocopherol acetate, a stabilized ester form of vitamin E, in food, supplement, and cosmetic samples. It measures vitamin E acetate content using HPLC to verify potency and ensure accurate dosing in formulations requiring oxidative stability.	Samples are extracted under light- and oxygen-protected conditions to preserve the ester structure. The extract is analyzed by HPLC with detection based on absorbance at a specific wavelength. Calibration with high-purity alpha-tocopherol acetate standards, along with internal standard correction and duplicate runs, ensures reliable quantification.	Results are provided in IU or mg per 100 g or per serving. The values are compared with formulation targets and label claims. Stable values confirm ingredient integrity and resistance to oxidation, while loss may suggest hydrolysis or improper storage.	1	Vitamin E Acetate (alpha-tocopherol acetate)
Vitamin E (as Alpha-Tocopherol Succinate)	Phytochemical, Vitamin, and Actives	7 days	5	This assay quantifies alpha-tocopheryl succinate, a stable esterified form of vitamin E, in food and supplement samples. It measures vitamin E content using HPLC to ensure accurate dosing in formulations focused on oxidative stress and cellular defense.	Samples are extracted under light- and oxygen-protected conditions to preserve the ester form. The extract is analyzed by HPLC with detection based on absorbance at a specific wavelength. Calibration with high-purity alpha-tocopheryl succinate standards, along with internal standard correction and duplicate runs, ensures reliable quantification.	Results are provided in IU or mg per 100 g or per serving. The values are compared with formulation targets and label claims. Consistent levels confirm ingredient stability and proper delivery, while loss may suggest hydrolysis or degradation over time.	1	Vitamin E (Alpha Tocopherols) Succinate
Vitamin E (as Mixed Tocopherols)	Phytochemical, Vitamin, and Actives	7 days	5	This assay quantifies mixed tocopherols—typically including alpha-, beta-, gamma-, and delta-tocopherol—in food and supplement samples. It measures the individual tocopherol components using HPLC to ensure balanced formulation and support full-spectrum vitamin E labeling.	Samples are extracted under light- and oxygen-controlled conditions to protect all tocopherol forms. The extract is analyzed by HPLC with separation and detection of each tocopherol based on its unique absorbance. Calibration with individual high-purity tocopherol standards, along with internal standard correction and duplicate runs, ensures reliable quantification.	Results are provided in mg per 100 g or per serving for each tocopherol component. Values are assessed individually and in total against formulation targets and label claims. This panel helps confirm tocopherol balance and stability across batches, while any imbalances may indicate degradation or formulation drift.	1	Vitamin E (Mixed Tocopherols)
Vitamin K1 (Phylloquinone, Phytonadione)	Phytochemical, Vitamin, and Actives	7 days	5	This assay quantifies vitamin K1—also known as phylloquinone or phytonadione—in food and supplement samples. It measures vitamin K1 content using HPLC to ensure accurate dosing and verify label claims in formulations supporting cardiovascular and skeletal health.	Samples are extracted under light- and oxygen-protected conditions to preserve the sensitive K1 molecule. The extract is analyzed by HPLC with detection based on absorbance at a specific wavelength. Calibration with high-purity phylloquinone standards, along with internal standard correction and duplicate runs, ensures reliable quantification.	Results are provided in mcg per 100 g or per serving. Values are compared with formulation targets and label claims. Consistent results confirm ingredient stability, while variation may reflect degradation due to light, pH, or improper handling.	1	Vitamin K1 (Phylloquinone, Phytonadione)
Vitamin K2 (MK-4 or Menaquinone 4)	Phytochemical, Vitamin, and Actives	7 days	5	This assay quantifies menaquinone-4 (MK-4), a short-chain form of vitamin K2, in food and supplement samples. It measures MK-4 content using HPLC to verify label claims and ensure potency in formulations designed to support skeletal and cardiovascular health.	Samples are extracted under light- and oxygen-protected conditions to prevent MK-4 degradation. The extract is analyzed by HPLC with detection based on absorbance at a specific wavelength. Calibration with high-purity MK-4 standards, along with internal standard correction and duplicate runs, ensures reliable quantification.	Results are provided in mcg per 100 g or per serving. The values are compared with formulation targets and label claims. Consistent results confirm ingredient stability and bioactive dosing, while variability may indicate oxidation or instability during storage or processing.	1	Vitamin K2 (MK-4 or Menaquinone 4)
Vitamin K2 (MK-7 or Menaquinone 7)	Phytochemical, Vitamin, and Actives	7 days	5	This assay quantifies menaquinone-7 (MK-7), a long-chain and highly bioavailable form of vitamin K2, in food and supplement samples. It measures MK-7 content using HPLC to verify potency and ensure extended-action support in bone and vascular formulations.	Samples are extracted under light- and oxygen-controlled conditions to protect MK-7 from degradation. The extract is analyzed by HPLC with detection based on absorbance at a specific wavelength. Calibration with high-purity MK-7 standards, along with internal standard correction and duplicate runs, ensures reliable quantification.	Results are provided in mcg per 100 g or per serving. The values are compared with formulation targets and label claims. Stable results confirm ingredient preservation and sustained-release potential, while degradation may suggest sensitivity to light, pH, or improper storage.	1	Vitamin K2 (MK-7 or Menaquinone 7)
Walnut & Pecan Allergen	Allergen	2 days	5	This assay detects and quantifies walnut and pecan proteins using a combined ELISA (Enzyme-Linked Immunosorbent Assay) validated for both tree nuts. It confirms the presence or absence of walnut or pecan contamination in raw materials, finished products, or manufacturing environments—critical for verifying allergen-free claims and meeting FDA labeling requirements.	Samples are extracted in a validated buffer and tested using a dual-reactive sandwich ELISA designed to detect both walnut and pecan proteins. Colorimetric detection is used, with results compared against certified standard curves. Controls and duplicate wells are used to ensure test accuracy.	Results are reported in ppm (mg/kg) for combined walnut and pecan protein. The assay typically detects trace levels down to 1–5 ppm, making it suitable for allergen screening in high-sensitivity applications.	2	Pecan Allergen Walnut Allergen
Water Activity	Stability	3 days	20	This assay measures water activity (aw), which indicates the amount of free, unbound water in a product that is available to support microbial growth and chemical reactions. Water activity is expressed on a scale from 0.00 to 1.00, with higher values indicating greater potential for microbial activity. It is a key parameter for predicting shelf stability and safety in foods, supplements, and other consumable products.	Samples are placed in a sealed measurement chamber and analyzed using a calibrated water activity meter. The device determines the equilibrium relative humidity of the air surrounding the sample, which is converted into the aw value. The method follows AOAC, ISO, or ASTM guidelines for water activity	Results are reported as a unitless aw value (e.g., 0.35).	1	Water Activity
Wheat (DNA)	Allergen	2 days	5	This assay detects wheat (Triticum aestivum) DNA using PCR (Polymerase Chain Reaction). It is used to confirm the presence or absence of wheat in raw materials, extracts, and processed products—ideal for verifying ingredient identity and detecting trace wheat contamination in gluten-sensitive or allergen-controlled applications.	DNA is extracted from the sample and amplified using wheat-specific primers. PCR analysis confirms wheat DNA presence through endpoint or real-time detection. Positive and negative controls are included to ensure accuracy and avoid false results.	Results are reported as Detected / Not Detected. This method can identify wheat DNA at trace levels, even in processed or refined products, making it ideal for compliance with gluten-free and wheat-free claims.	1	Wheat (DNA)
Withanolide glycosides (quantitative)	Phytochemical, Vitamin, and Actives	5-7 days	10	This assay quantifies withanolide glycosides, the primary bioactive compounds in Ashwagandha (Withania somnifera). Using HPLC, it provides a quantitative profile of withanolides to verify standardization in root or extract-based formulations and support label claims for stress, hormone, and energy balance.	Samples are extracted using alcohol- or aqueous-based solvents and analyzed by HPLC with UV detection at a compound-specific wavelength. Quantification is performed using certified withanolide standards, with internal standard correction and duplicate runs to ensure precision.	Results are reported in mg per g or per serving, typically as total withanolides. Values are assessed against formulation targets and declared standardization levels (e.g., 5% or 10% withanolides) to confirm potency and detect adulteration or low-quality sourcing.	1	Withanolide Glycosides
Yeast & Mold	Microbial	5 days	10	This test detects and quantifies yeast and mold, common spoilage organisms in food and supplements that can affect shelf life and safety.	Samples are plated on selective agar and incubated to allow growth of yeasts and molds. Results are reported as CFU/g or CFU/mL.	Low levels indicate clean processing and storage. Elevated levels may lead to spoilage or product recalls.	2	Total Mold Total Yeast
Zeaxanthin	Phytochemical, Vitamin, and Actives	7-10 days	5	This assay quantifies zeaxanthin, a key dietary carotenoid concentrated in the retina and often combined with lutein in vision-support supplements. Using HPLC, it measures zeaxanthin content in raw materials and finished products to confirm label claims, ensure potency, and maintain ingredient quality.	Samples are extracted using organic solvents (typically ethanol or hexane-based), then analyzed by HPLC with UV-Vis detection at a carotenoid-specific wavelength (typically ~450 nm). Quantification is performed using certified zeaxanthin standards, with internal standard correction and duplicate injections to ensure accuracy and reproducibility.	Results are reported in mg per g or per serving. Values are assessed against formulation targets and label claims to confirm dosing, detect degradation, and verify ingredient authenticity.	1	Zeaxanthin
Zembrin (Sceletium tortuosum) ID	Phytochemical, Vitamin, and Actives	11-13 days	10	This test confirms the botanical identity of Sceletium tortuosum (Kanna), including the proprietary Zembrin extract, in raw materials and finished products using High-Performance Thin-Layer Chromatography (HPTLC). The characteristic mesembrine alkaloid fingerprint of the sample is compared against a certified Sceletium tortuosum reference standard to confirm species authenticity and detect substitution with other botanical materials or synthetic alkaloid preparations. Results are reported as confirmed identity or non-conforming.	A representative sample is extracted using methanol or acidified methanol and applied alongside a certified Sceletium tortuosum reference standard onto an HPTLC silica gel plate. The plate is developed in a validated solvent system, examined under UV at 254 nm and 366 nm, and derivatized with Dragendorff or anisaldehyde-sulfuric acid reagent to visualize the characteristic mesembrine alkaloid bands. The resulting fingerprint is compared visually and by densitometric scanning to the reference standard in terms of Rf values, band positions, and color profile.	Sceletium tortuosum is a niche, high-value botanical with a limited number of authenticated suppliers, making identity verification critical for brands sourcing this ingredient. The mesembrine alkaloid profile is species-specific and serves as the key differentiator for HPTLC-based identity confirmation, supporting supplier qualification and cGMP compliance under 21 CFR 111.		
Zinc	Elemental	5-7 days	10	This assay measures zinc (Zn) using Inductively Coupled Plasma Mass Spectrometry (ICP-MS). The method provides sensitive and accurate elemental quantification across a wide range of matrices.	Samples are digested and analyzed by ICP-MS under validated conditions. Zinc is ionized in the plasma and detected by mass spectrometry. Calibration with certified reference standards and internal controls ensures accuracy and reproducibility.	Testing verifies label claims, confirms elemental purity, and supports consistent formulation and regulatory compliance.	1	Zinc
